stage/sn_0220/ln_0220_cg_00.ice,01a150a6199e709dd7fac9da7cb4119e
stage/sn_0220/ln_0220_ci_00.ice,17b27824210c82e1bc257e9bd869976e
stage/sn_0220/ln_0220_cj_00.ice,7ec573156b25f26ef2b864defc4ea021
stage/sn_0220/ln_0220_cl_00.ice,96f90e9a1da4f496cc04f3141e6af6b6
stage/sn_0220/ln_0220_cs_00.ice,cd4aa092a0611f9a78877820cf8f20d9
stage/sn_0220/ln_0220_cx_00.ice,b3228805f6f7da287b0d9d8fa10aa553
stage/sn_0220/ln_0220_g0_00.ice,0d42d80699156f10f8050dbf72ae4cf9
stage/sn_0220/ln_0220_g1_00.ice,881e941d37e26e3874dd42508b3f8f72
stage/sn_0220/ln_0220_g2_00.ice,1aa64e5ff2de4b6e1dc4a8ab0eb67e84
stage/sn_0220/ln_0220_i0_00.ice,19e83f87d70bbb768dbab5e7031021a5
stage/sn_0220/ln_0220_i0_01.ice,c1df1ab33d2171830dbf8a9aa04c07dd
stage/sn_0220/ln_0220_i0_02.ice,2b6db3263e7a51b2c0a9206dab36ae07
stage/sn_0220/ln_0220_i0_03.ice,f7e27c6fb75e8d91a4e6ce85b9b7153b
stage/sn_0220/ln_0220_l0_00.ice,5d7637cf59c468f6599f935cd2d50d65
stage/sn_0220/ln_0220_l0_01.ice,c7f4caba5d5b9b626d332b60847ea4f5
stage/sn_0220/ln_0220_l0_02.ice,2268c942788c4124939eb252ba7110f7
stage/sn_0220/ln_0220_l0_03.ice,c5f92cb2f4a86f635e374e8ec092db10
stage/sn_0220/ln_0220_n0_00.ice,218c1586c65c0e05e9bb6ff0f121910a
stage/sn_0220/ln_0220_n0_01.ice,50fe57d41f5f8da2776ebcb58e3c88ae
stage/sn_0220/ln_0220_n0_02.ice,6062c44fad4bf978fb115c3bd7f87cd5
stage/sn_0220/ln_0220_n0_03.ice,2877af0f52531ed70f898d228aea6f25
stage/sn_0220/ln_0220_q0_80.ice,e8f07ea38cd3c99b5a1b0c81734b9e2c
stage/sn_0220/ln_0220_q4_80.ice,b49deea71d9011d3c2f5852baca05299
stage/sn_0220/ln_0220_q5_80.ice,43b78298476e0ed54479c205fa7d27bd
stage/sn_0220/ln_0220_q5_81.ice,33131b674945cd35ef932c6ac55ab833
stage/sn_0220/ln_0220_s0_00.ice,b55973374a12d330827feebfad56d5ed
stage/sn_0220/ln_0220_s1_00.ice,38937446c9876a06236942668df891b0
stage/sn_0220/ln_0220_t0_00.ice,f452400a586c18290af370c8ea892a8d
stage/sn_0220/ln_0220_t0_01.ice,f6bb4f36d63cb866a97eacea679bc725
stage/sn_0220/ln_0220_x0_00.ice,23b96876a11437fc2d48cae63c91a541
stage/sn_0220/ln_0220_x0_01.ice,5e5ddf73e2e07891d3c052795f99c115
stage/sn_0220/ln_0220_common.ice,539a36e5e041ac7272f40241b2979eec
stage/sn_0220/ln_0220_common_ex.ice,daad0e0d25089e36eee42dd77485eb6a
stage/sn_0220/ln_0220_epgd.ice,d8f50a279b7409e27780d68c83f85cff
stage/sn_0220/ln_0220_ex.ice,dd66c9cdad740e09566e3c53588c0a27
stage/weather/ln_0220_wtr.ice,a68e5942661aad413d00c7bb259778d3
