にゃんたしーすたールーシア/永瀬 アンナ,,,,,,,,,,f5abe4569d2507a64d82c4e814afeb48
五十嵐梨花,,,,,,,,,,ce668a62a0c63476adaefa1fd730fc49
倉持めると,,,,,,,,,,6be3f177cf6059adb87f9716bdbca174
ソフィア・ヴァレンタイン,,,,,,,,,,bf1d67280e016f0d24597307fc97e1b7
狂蘭 メロコ,,,,,,,,,,09adf4c53349767afedcc770ea8ed92b
にゃんたしーすたールーシア/永瀬 アンナ,,,,,,,,,,678bcdf04ec5a9b0ec79a4e81dedd939
五十嵐梨花,,,,,,,,,,3241d89513d3ef0f4f540945d14086e3
倉持めると,,,,,,,,,,f9766326b0de06b45f2a36ee92625a5e
ソフィア・ヴァレンタイン,,,,,,,,,,24dedc4b944b1ad41b9409e2d2017b06
狂蘭 メロコ,,,,,,,,,,9e086a19842c4a04e979fd24885754da
