Japanese Name,English Name,Id,Adjusted Id,Icon,Normal Quality,High Quality,Normal Quality RP,High Quality RP,Linked Inner,HQ Linked Inner,Linked Outer,HQ Linked Outer,Sounds,Cast Sounds,Material Anim,Material Anim Ex,Hand Textures,HQ Hand Textures,Hair Model,High Quality Hair Model,Face Model,High Quality Face Model
[Unnamed 200010],,200010,200010,799087507c281cecc8af90f0d84ddbbd,5949a222fc552b758dd04aa899a50d12,4348d5340a39b5a28c81c70029778670,,,,,,,,,,,,,,,,
[Unnamed 200020],,200020,200020,,8421ccba6749be690d8ae4cfc6d440e8,75c3458b4ef13b79852447ce54f68617,,,,,,,,,,,,,,,,
オペラーテユニファ[Ou],,200030,200030,ebc75decb8aac875bde3bba2ed9f1ee1,c6f6d2ce09554b448016550e9f57d229,56f1c2ba6bc0d61d09a23285a6fc6ee6,,,,,,,,,,,,,,,,
オペラーテユニファ/2[Ou],,200031,200030,e2ce4f3402e3130354482eba03999574,c6f6d2ce09554b448016550e9f57d229,56f1c2ba6bc0d61d09a23285a6fc6ee6,,,,,,,,,,,,,,,,
オペラーテユニファ/3[Ou],,200032,200030,e123d8b667973d88e4f943d98a50c855,c6f6d2ce09554b448016550e9f57d229,56f1c2ba6bc0d61d09a23285a6fc6ee6,,,,,,,,,,,,,,,,
オペラーテユニファ/4[Ou],,200033,200030,b120a543aa5319418735cd6de49f5a89,c6f6d2ce09554b448016550e9f57d229,56f1c2ba6bc0d61d09a23285a6fc6ee6,,,,,,,,,,,,,,,,
[Unnamed 200039],,200039,200039,,abe362e6bb8070f2864878dd1b00e006,a80018b2e69d08070342abbab7f6ce2e,,,,,,,,,,,,,,,,
[Unnamed 200050],,200050,200050,f2bc39131f0187fb554eb1534912ff28,23b6477e5ec0fe0286b813678cae8a00,e8c595093c2fac223be827eb23ab6491,,,,,,,,,,,,,,,,
[Unnamed 200051],,200051,200051,5aa19ca2b8ddabea119055116159fc29,33afba236d89d66e21e2a51de4e678ed,4893945ade5136bfecf89a7cfd661ece,,,,,,,,,,,,,,,,
[Unnamed 200052],,200052,200052,b80cadb6ac1dcb6fd2edeea5aafd451f,bbbf876e8980161f9d662c9b4dbdd8b6,76f6ff1511e3e66c40ad1bb43408b929,,,,,,,,,,,,,,,,
[Unnamed 200053],,200053,200053,29008fc1c6f16fdf7dd81b7c026775f7,53998435a3caa94089be2646cbe59727,9f9441c60d8823b5a978f6e8ab9c6dc8,,,,,,,,,,,,,,,,
シュテールリディーア[Ou],,200550,200550,297f19b453dc4cfac604adbeeb6ca1ae,a6b706e0ed571c0bd5bd8b8a4069ec6b,d5076df0ff880608363ec9fb1c9b427c,,,,,,,,,,,,,,,,
シュテールリディーア/2[Ou],,200551,200550,0e1e1111f4f1fc15d6d01777e8a21d76,a6b706e0ed571c0bd5bd8b8a4069ec6b,d5076df0ff880608363ec9fb1c9b427c,,,,,,,,,,,,,,,,
リテムヴァルキス[Ou],,200610,200610,4f2ed37ff072147f2f1617a15e0b33ed,7dd27e0832e7c3ca282826bf4f653233,14a0cff9a38bc5b06d506672510644b1,,,,,,,,,,,,,,,,
リテムヴァルキス/2[Ou],,200611,200610,98238d8abee3d068557b0a42b7a59364,7dd27e0832e7c3ca282826bf4f653233,14a0cff9a38bc5b06d506672510644b1,,,,,,,,,,,,,,,,
マジスティアマキア[Ou],,200660,200660,d3bc1026559cce1a36f974519d9b73f0,7a19c241eb70809cd4c2b39edeea279b,e261771cb065d0e846792d4b5c99cea6,,,,,,,,,,,,,,,,
マジスティアマキア/2[Ou],,200661,200660,6e53162a9e9a4487275f4791cdd9787d,7a19c241eb70809cd4c2b39edeea279b,e261771cb065d0e846792d4b5c99cea6,,,,,,,,,,,,,,,,
ファシーノディアボラ[Ou],,200670,200670,c1b2eb115df327c8ea4aefc372160ef8,e6cae3e62043a321e555ada67b5074ae,b5fb6d6cc9f146503d7cb4530da47006,,,,,,,,,,,,,,,,
ファシーノディアボラ/2[Ou],,200671,200670,4d374291c908c0f30893d8dd6651dc07,e6cae3e62043a321e555ada67b5074ae,b5fb6d6cc9f146503d7cb4530da47006,,,,,,,,,,,,,,,,
ルーデスサンティール[Ou],,200680,200680,6a61959e7c9e481fa589e43486811379,6d1af7cab60a9bcaf49cc4e47c855cf3,7c85d8410d15393a4b045004eb70c715,,,,,,,,,,,,,,,,
ルーデスサンティール/2[Ou],,200681,200680,8155f296fe86f6a26972736fd70da848,6d1af7cab60a9bcaf49cc4e47c855cf3,7c85d8410d15393a4b045004eb70c715,,,,,,,,,,,,,,,,
ルーデスサンティール/3[Ou],,200682,200680,2f023f5ce472312c29f52df132a8974f,6d1af7cab60a9bcaf49cc4e47c855cf3,7c85d8410d15393a4b045004eb70c715,,,,,,,,,,,,,,,,
ルーデスサンティール/4[Ou],,200683,200680,a80fbce112afeb95ed38432b3e7807c2,6d1af7cab60a9bcaf49cc4e47c855cf3,7c85d8410d15393a4b045004eb70c715,,,,,,,,,,,,,,,,
フォルティーマエストローナ[Ou],,200770,200770,e61b22eda00ea61dad3d22cd151cd3e3,f13a408d5834ecd42a4932e39779b427,a3f5d9ac7a9391e97ccde5e18f0eeb02,,,,,,,,,,,,,,,,
フォルティーマエストローナ/2[Ou],,200771,200770,2d59530e411b16c7658e21fe112f5eac,f13a408d5834ecd42a4932e39779b427,a3f5d9ac7a9391e97ccde5e18f0eeb02,,,,,,,,,,,,,,,,
サイザーシルエッタ[Ou],,200830,200830,debae35a17ede83bc3dd6dc679c5fde0,7e8478d10fe420f233706b9e75bf18db,7cca051262c7d6432ebbc8f2e69c0aa3,,,,,,,,,,,,,,,,
サイザーシルエッタ/2[Ou],,200831,200830,e3ea5f4f4baf04ae9bf501dc987af916,7e8478d10fe420f233706b9e75bf18db,7cca051262c7d6432ebbc8f2e69c0aa3,,,,,,,,,,,,,,,,
マジスティアマキア/B[Ou],,201080,201080,b1b54ee1124eaff722ee7b4cab05183d,91980b1a81cb1f3d7f93d2ac29feeaba,3bfadef7bb448a84abedbea20e61bc5d,,,,,,,,,,,,,,,,
マジスティアマキア/B2[Ou],,201081,201080,f24325fdf6704f4f449c6df8d41da384,91980b1a81cb1f3d7f93d2ac29feeaba,3bfadef7bb448a84abedbea20e61bc5d,,,,,,,,,,,,,,,,
アネモスジアーシャ[Ou],,201140,201140,089627f71a882ea1b22f22e3ac5edd45,77ff4cb348671ba5ce15f8f58457f620,c9e3c16af82be0ca4cdb168d63e75755,,,,,,,,,,,,,,,,
アネモスジアーシャ/2[Ou],,201141,201140,64e5b512ecf3cf9367eed7a478990fd9,77ff4cb348671ba5ce15f8f58457f620,c9e3c16af82be0ca4cdb168d63e75755,,,,,,,,,,,,,,,,
￥アイナ：寒冷地仕様アウターフードNPC　※NPC専用ユーザー配信無[Ou],,201149,201149,,6e77351fda9cfa29a1841f06a150e5ae,9a88152df204858358ffed03479b71f8,,,,,,,,,,,,,,,,
アネモスネーヴェ[Ou],,201170,201170,dbecf0542bca3faa52c1c78ef8755881,ce41f6d5d08cc99725a31adaa4a8efd6,1782332719a4e9f1f34d20b3132e0e2c,,,,,,,,,,,,,,,,
アネモスネーヴェ/2[Ou],,201171,201170,1f0dafa781a573265d1304a64ea2819b,ce41f6d5d08cc99725a31adaa4a8efd6,1782332719a4e9f1f34d20b3132e0e2c,,,,,,,,,,,,,,,,
￥アイナ寒冷地仕様アウターNPC　※NPC専用ユーザー配信無[Ou],,201179,201179,,9524e26ac7a59a4bf46b957ea7b2deb9,a3ef3d1d10555a8cc4741e753ef731a7,,,,,,,,,,,,,,,,
コーツィーキルティエ[Ou],,201200,201200,d1a6d6cb3b41333a5301e8c3d2b75c45,a6408696eb05a81d8d640c635262daef,0f54a2350ce1a4ed2c309612036ee6e8,,,,,,,,,,,,,,,,
コーツィーキルティエ/2[Ou],,201201,201200,71b75acf0bc432ce3dc3c05e1b8d9479,a6408696eb05a81d8d640c635262daef,0f54a2350ce1a4ed2c309612036ee6e8,,,,,,,,,,,,,,,,
コーツィーキルティエ/3[Ou],,201202,201200,446d835daee436e5d05c4ee75182872d,a6408696eb05a81d8d640c635262daef,0f54a2350ce1a4ed2c309612036ee6e8,,,,,,,,,,,,,,,,
コーツィーキルティエ/4[Ou],,201203,201200,88275cd68f06d473028a2836c4d492a5,a6408696eb05a81d8d640c635262daef,0f54a2350ce1a4ed2c309612036ee6e8,,,,,,,,,,,,,,,,
ブランシュティアレス[Ou],,201210,201210,e52ae91877c607fe0264daa7487f31d0,9289372789fe9f51758152386f5d12ad,8732348305963eb37b204e2c4d368eac,,,,,,,,,,,,,,,,
ブランシュティアレス/2[Ou],,201211,201210,202b26c722de387759bf8bc999f3a7de,9289372789fe9f51758152386f5d12ad,8732348305963eb37b204e2c4d368eac,,,,,,,,,,,,,,,,
ヤータスヴィージス[Ou],,201350,201350,0b653c16c3411272a855def238af49db,7a07d4624e5df9c2d48fff96d1df8bfa,564a88e173298daea736d91565d0ad92,,,,,,,,,,,,,,,,
ヤータスヴィージス/2[Ou],,201351,201350,6341eb840e3f14a9d48d28d36ddfe84d,7a07d4624e5df9c2d48fff96d1df8bfa,564a88e173298daea736d91565d0ad92,,,,,,,,,,,,,,,,
[Unnamed 201359],,201359,201359,,16d7b0315b75de7d551cb6a76e3996c4,514a7c8bcd698d1428f909be0b901bfa,,,,,,,,,,,,,,,,
N-イノセントクラスタ[Ou],,201420,201420,cdb9949c125a37c450ced3ff7b92642e,4561632192ecebbca3e8c5a7ca8422c6,90c995ed26af068c891859dcdea38c99,,,,,,,,,,,,,,,,
N-幻創聖母礼装[Ou],,201430,201430,42935007655a44bbcade350e20f35c9e,74f0e8b8148547436b11042b52faf302,8b60011f9af881ebb1089d69597083c7,,,,,,,,,,,,,,,,
N-幻創聖母礼装/2[Ou],,201431,201430,69528eb8973b4fe2e434d797f3b84c7d,74f0e8b8148547436b11042b52faf302,8b60011f9af881ebb1089d69597083c7,,,,,,,,,,,,,,,,
N-ソフィスレーナル[Ou],,201540,201540,822c873887e065452a3c22b95f4921d9,0793c55808172e98010461e6bbdd6ed3,22eef4a5aa8a5a2a7ff5fa05f646bae3,,,,,,,,,,,,,,,,
N-ソフィスレーナル/2[Ou],,201541,201540,1f9fb1a8d13156f01487590218c150a1,0793c55808172e98010461e6bbdd6ed3,22eef4a5aa8a5a2a7ff5fa05f646bae3,,,,,,,,,,,,,,,,
N-カレテラヴィント[Ou],,201560,201560,1198326da0105d273a8a66545d8388c2,9b2a5e33b0bbde01503c35bc6eb4efa6,dc6dde4462ee8e05f946d8bacc966e7d,,,,,,,,,,,,,,,,
N-カレテラヴィント/2[Ou],,201561,201560,abc4d7e255df3e3953ec277f0e10634f,9b2a5e33b0bbde01503c35bc6eb4efa6,dc6dde4462ee8e05f946d8bacc966e7d,,,,,,,,,,,,,,,,
N-オフショルダーニット[Ou],,201570,201570,d0ec2db6744a6cfe000f2064106950bf,9ebb11da03d2fe17d352a01eb9c489f2,727db3317ba7860fd593e979d91a6aca,,,,,,,,,,,,,,,,
N-オフショルダーニット/2[Ou],,201571,201570,e45ee837684d5797f3e5763bc25ac9b9,9ebb11da03d2fe17d352a01eb9c489f2,727db3317ba7860fd593e979d91a6aca,,,,,,,,,,,,,,,,
N-フォージドレス[Ou],,201600,201600,87b44e4ce05e17b298cdb2fd21c1ee7a,8a852906e7736db8ea52301c7895cb14,14de6097112bc5f5371dde4c6c087b96,,,,,,,,,,,,,,,,
N-フォージドレス/2[Ou],,201601,201600,8e4ddf30ce65048dfd5814c36cff7802,8a852906e7736db8ea52301c7895cb14,14de6097112bc5f5371dde4c6c087b96,,,,,,,,,,,,,,,,
N-フリルパーカー[Ou],,201610,201610,234e3cd7c9887aba429c7a42de876d87,cfcc011f55fa09e04e0643c25a90b17f,19df7cb9a16146a43d78361837d0e614,,,,,,,,,,,,,,,,
N-フリルパーカー/2[Ou],,201611,201610,9cf1189bb2d3bf4a797246d19f133ccf,cfcc011f55fa09e04e0643c25a90b17f,19df7cb9a16146a43d78361837d0e614,,,,,,,,,,,,,,,,
N-コンバットジャケットT2[Ou],,201630,201630,0fda15de4fa73b104ee80577e2008c8a,ce9f643ae10e26bfedd2efbbbef4535b,cc99c7620e257f4721a579b31deeb29a,,,,,,,,,,,,,,,,
N-コンバットジャケットT2/2[Ou],,201631,201630,cc7eaa86f2df72d11191a388b56442dd,ce9f643ae10e26bfedd2efbbbef4535b,cc99c7620e257f4721a579b31deeb29a,,,,,,,,,,,,,,,,
N-ノクターナルミスティT2[Ou],,201640,201640,9d46f3c58e1cc31a236523eb15b1537d,9ab6c7e7e6aad568d740181224227156,c2ebbcfe433b2467b54021766220b01a,,,,,,,,,,,,,,,,
N-ノクターナルミスティT2/2[Ou],,201641,201640,ffa5d44bc23ca6c561ccdcfe0bcba80e,9ab6c7e7e6aad568d740181224227156,c2ebbcfe433b2467b54021766220b01a,,,,,,,,,,,,,,,,
N-ノクターナルミスティT2-V2[Ou],,201690,201690,3b9a373874bd6a8b9e5b4e92b03a9b77,482119c9cbf75381fb76b847b1dab52e,cce6e181dbd9b7d515b3205c29f01ca3,,,,,,,,,,,,,,,,
N-カレテラヴィント/B[Ou],,201740,201740,c4eb8a7de17c933a35dcb596b891af0b,db1421532a2ae01af05bcfb35dd0076a,c907b172e18aa5f0d4291cf9e107b651,,,,,,,,,,,,,,,,
N-タイトジャケット[Ou],,201790,201790,1c120a698b466e38489aadb615d1a72d,da73ac40db4bf0d02df82f57e5042794,89cc7b1bec3c10a1317e3c2135821263,,,,,,,,,,,,,,,,
N-タイトジャケット/2[Ou],,201791,201790,0d00d41f8a6b736a1faa941312138b0e,da73ac40db4bf0d02df82f57e5042794,89cc7b1bec3c10a1317e3c2135821263,,,,,,,,,,,,,,,,
N-火を継ぐ真衣[Ou],,201820,201820,f682c65f1b0d4f4b3b4942c943b33937,8322a5ad188873b01cae6f45ba7c683d,77c506dc064453b8cde6431fe4e3fdf4,,,,,,,,,,,,,,,,
ファシーノディアボラ/B[Ou],,201870,201870,68fe17279887c39259ed3f5cd84776ef,aefe33d8f90a2b2703dd6012d1096bd1,02bb8d46ae987dfa4358c5db1af5992e,,,,,,,,,,,,,,,,
ファシーノディアボラ/B2[Ou],,201871,201870,82c6c83afdcfcf7b9bdf7a32936f1e31,aefe33d8f90a2b2703dd6012d1096bd1,02bb8d46ae987dfa4358c5db1af5992e,,,,,,,,,,,,,,,,
ＥＤＷＩＮデニムジャケットT2[Ou],,201940,201940,70b9107ba5fc73d787863739b11e1aa6,c2ab715d6e2bc2e9205ba88b8bc8b628,11eae15290dbe52b4188ab4709efe688,,,,,,,,,,,,,,,,
N-ソフィスレーナル/B[Ou],,201970,201970,3768938dd82a80960c1319fd85022ed0,4d2b87bf842db4da5b3b34c2912e0ad5,a11d2c72a4575e4743fb5bfa109cba39,,,,,,,,,,,,,,,,
ヤクシニライカ[Ou],,202100,202100,67c98ccf32657cfae544617ca83123f7,846f68a51d935f755279f4c6767942c8,10864efcfbce2ede6bec43ca9eb422d7,,,,,,,,,,,,,,,,
ヤクシニライカ/2[Ou],,202101,202100,ab637c37efee3a589d9a778066c650f8,846f68a51d935f755279f4c6767942c8,10864efcfbce2ede6bec43ca9eb422d7,,,,,,,,,,,,,,,,
[Unnamed 202130],,202130,202130,,860d9e6195da531728570507e42e104e,266dbeede81ad279c27f0362b78c529c,,,,,,,,,,,,,,,,
アピスメルビー[Ou],,202150,202150,7a898bb5ef4ff6431e5c4e3417207987,185f04c1910ece9b24b19cdfb570ca04,27121a1cbf1990872b073bc2045b054d,,,,,,,,,,,,,,,,
アピスメルビー/2[Ou],,202151,202150,2069e1783c67525ffe708b0aae2a46b2,185f04c1910ece9b24b19cdfb570ca04,27121a1cbf1990872b073bc2045b054d,,,,,,,,,,,,,,,,
スプーキーシルエットT2[Ou],,202250,202250,e1970500bd77b52f3e12f86ce2cab64a,952d1c60baa76ab982ce99c10b54c418,a1d45f83459038787138f8370a137dde,,,,,,,,,,,,,,,,
スプーキーシルエットT2/2[Ou],,202251,202250,441707bbe341f08d24d51e3299b3c696,952d1c60baa76ab982ce99c10b54c418,a1d45f83459038787138f8370a137dde,,,,,,,,,,,,,,,,
ニューディーブランキット[Ou],,202260,202260,1f24fcf854e651a01ce9cdb9cf1688cc,611c724c4f9fe48ae5a7e5dc07dd32b3,dc7ed11323af990e2884796958f9dbd7,,,,,,,,,,,,,,,,
ニューディーブランキット/2[Ou],,202261,202260,39de5da7a61a17a8c2a0ee513dc86a78,611c724c4f9fe48ae5a7e5dc07dd32b3,dc7ed11323af990e2884796958f9dbd7,,,,,,,,,,,,,,,,
メルカントT2[Ou],,202280,202280,707775c9e47eeb3ed5fd64e370a266da,12e86362cb969b9de7e8e234984b2042,459d6b640f4dc51d13be6ff75f851231,,,,,,,,,,,,,,,,
メルカントT2/2[Ou],,202281,202280,70d4e748568837c6ca072467a50caf4f,12e86362cb969b9de7e8e234984b2042,459d6b640f4dc51d13be6ff75f851231,,,,,,,,,,,,,,,,
[Unnamed 202290],,202290,202290,,41e309f37dad89286d4e45fe88ad9a15,2846a023f3266b605c5f79a1695ed82a,,,,,,,,,,,,,,,,
ヒカミノカグツ[Ou],,202310,202310,6fac1c393ab81078637296fb70c1767c,05e370fc481f3a261648bd9fed24089c,89941871ee8e5ab0929e981591e3b699,,,,,,,,,,,,,,,,
ヒカミノカグツ/2[Ou],,202311,202310,34750639464b54fb7a222dedd4c92d1e,05e370fc481f3a261648bd9fed24089c,89941871ee8e5ab0929e981591e3b699,,,,,,,,,,,,,,,,
ヒカミノカグツ NPC[Ou],,202319,202319,f08f108b6dc9d01ac67e7e73d0ed7ec3,ceaa636a07797e1a656b152cc4a6d6b6,c973f0e06b0fd5f8d6cb27870359d026,,,,,,,,,,,,,,,,
[Unnamed 202340],,202340,202340,,d01c3eb501f375f1b497804e42cb8228,245f3e82e129c9bd742d402c90a8aa84,,,,,,,,,,,,,,,,
[Unnamed 202350],,202350,202350,,f2b47447e666009814cea3fd581ed398,4d4c000c3f1cd42871366c6c7ffbfcd6,,,,,,,,,,,,,,,,
カランエイランT2[Ou],,202360,202360,876f8cca644d0236fda44a99d3020ff6,55d9b66770a932b3b89f27e49437277d,a8cdf95715d4f8457f1920802cae8a21,,,,,,,,,,,,,,,,
カランエイランT2/2[Ou],,202361,202360,089653f6bd1cf40c89922d6908063fcd,55d9b66770a932b3b89f27e49437277d,a8cdf95715d4f8457f1920802cae8a21,,,,,,,,,,,,,,,,
サイヴァトランツT2[Ou],,202370,202370,311bf4dfa9426aa6b6cdaba74b5a73e9,d30b0ebe93a5c76e2a5b13015ba56483,cbf8d43bc64580e5e6746b084c123448,,,,,,,,,,,,,,,,
サイヴァトランツT2/2[Ou],,202371,202370,e6a2f4090a6ec53157acad49e6eac250,d30b0ebe93a5c76e2a5b13015ba56483,cbf8d43bc64580e5e6746b084c123448,,,,,,,,,,,,,,,,
シュテールリディーア/B[Ou],,202380,202380,6f5b490b687872b133a00182a426b9f9,835d7ec208e008b68b27963ccec007ba,ab6c537f17a40a1789d973b9fc605352,,,,,,,,,,,,,,,,
シュテールリディーア/B2[Ou],,202381,202380,5611bb46d53db63b79102c5500bfece6,835d7ec208e008b68b27963ccec007ba,ab6c537f17a40a1789d973b9fc605352,,,,,,,,,,,,,,,,
サイザーシルエッタ/B[Ou],,202410,202410,23f34025f21cccdd4afe79fd7d94beec,a6cdca38e9b34a6b49b5ac70548b44cb,76abb42687a24791552fd7a8e5ddb8d1,,,,,,,,,,,,,,,,
サイザーシルエッタ/B2[Ou],,202411,202410,8b5b4168017cf9d91afaf41d8d5bdaaa,a6cdca38e9b34a6b49b5ac70548b44cb,76abb42687a24791552fd7a8e5ddb8d1,,,,,,,,,,,,,,,,
ヤクシニライカ/B[Ou],,202500,202500,46a47196d46d6c578bcf707896c9b0f0,d0fb2bd6e48ea570eb973037f823113a,1a1e9ec7a66da26f21b3d94674d0ce89,,,,,,,,,,,,,,,,
ヤクシニライカ/C[Ou],,202510,202510,74e8bb640df9e7893e25df551801c064,5e42f5b56e09778938e5374cad317bc8,80b54461d2a81a63bef2363669a409bf,,,,,,,,,,,,,,,,
ストライプドユニフォームT2[Ou],,202520,202520,191b81178b821d7e9be08b36cb30ea5d,2222822647cb433f4d6ff27ff170eec2,59568715e9e517a2a01225e91066a811,,,,,,,,,,,,,,,,
オペラーテユニファ/B[Ou],,202570,202570,f11528eaf27151436bd43f0a7b207ac7,aa2bdb9873c6fd3e9ab2b446739baa6b,205ede85fda7ae1cbbad8facef92909b,,,,,,,,,,,,,,,,
オペラーテユニファ/C[Ou],,202580,202580,50fa6329e48dc2ddb4cf699dbc52bcac,fac2198f94132b392d4b7eea2846955f,ed7b67d1bb5eb77e9afc4da9db4cf5ed,,,,,,,,,,,,,,,,
ドンキ×ＮＧＳシャツT2[Ou],,202630,202630,022adb55cc32a1cd403c862785649d2c,735ce9dac208c5c12a9c494d24d54d07,90117e728c84dbe00fe2f5094933717f,,,,,,,,,,,,,,,,
ベルゼーゲルT2[Ou],,202690,202690,e87131eaee2a2c77b1d2acb27919490a,f3dc567d4152910cb374a070b802890f,d21c1a4cf47ff207e08197575e660bb3,,,,,,,,,,,,,,,,
ベルゼーゲルT2/2[Ou],,202691,202690,f741d645ff65b6209754ca2fc4218f7b,f3dc567d4152910cb374a070b802890f,d21c1a4cf47ff207e08197575e660bb3,,,,,,,,,,,,,,,,
モッドパンクル[Ou],,202700,202700,577a5fc56220aef6f01662383788f137,c2e5428caf764262726955648b60b88c,244a81d841b85ec58393f9b01a5b3a14,,,,,,,,,,,,,,,,
モッドパンクル/2[Ou],,202701,202700,555534438297766257c259fe79794dbe,c2e5428caf764262726955648b60b88c,244a81d841b85ec58393f9b01a5b3a14,,,,,,,,,,,,,,,,
モッドパンクル/3[Ou],,202702,202700,56dda2230f697f50c62a84a6c9056eb8,c2e5428caf764262726955648b60b88c,244a81d841b85ec58393f9b01a5b3a14,,,,,,,,,,,,,,,,
モッドパンクル/4[Ou],,202703,202700,2f516d8df911df0521114c1d13feb68b,c2e5428caf764262726955648b60b88c,244a81d841b85ec58393f9b01a5b3a14,,,,,,,,,,,,,,,,
リテムヴァルキス/B[Ou],,202730,202730,4830537e7e394447c1fdff8b52993e26,ec89fdc77bb5f28960e6e6183687a5c0,8bf4a6f053c924b7ed29ab727741024e,,,,,,,,,,,,,,,,
リテムヴァルキス/C[Ou],,202740,202740,f86b3cbc5dc774c56a58dba3f344b95f,52db1209b4588f3ead8285dc2302ea0f,36f423b14ca7d6aeea027c2876e63c5d,,,,,,,,,,,,,,,,
[Unnamed 202790],,202790,202790,,39d1dd5bc8228ec4e28c34d3ef8231b8,367847366d284998ad03cab1afd46692,,,,,,,,,,,,,,,,
N-ソフィスレーナルV2[Ou],,202800,202800,34dfa7c66a63342b2144cec0551ca07e,63745b55ae76ef04e074519485599f34,d1785f27af9ab0d2ca9c4260d3a01107,,,,,,,,,,,,,,,,
アピスメルビー/B[Ou],,202820,202820,ba9031702c79fc4e4e92276da69cbe80,3f360b3a0588240bae3f2e01ae3f7e3a,a7de6255fa4a5312bcc613a310d0ab7e,,,,,,,,,,,,,,,,
アピスメルビー/B2[Ou],,202821,202820,d7ab21749ba1931d7fcbe7aad6b07a8e,3f360b3a0588240bae3f2e01ae3f7e3a,a7de6255fa4a5312bcc613a310d0ab7e,,,,,,,,,,,,,,,,
フォルティーマエストローナ/B[Ou],,202840,202840,7b784db2df06e33c8c75cca9ecee32b6,ebe8591dac9310b1414105594a6b3acd,3b35eb9249818a8eb7c17838c1d0323c,,,,,,,,,,,,,,,,
フォルティーマエストローナ/B2[Ou],,202841,202840,642965321f8ac0b8bae35f430c7b25b0,ebe8591dac9310b1414105594a6b3acd,3b35eb9249818a8eb7c17838c1d0323c,,,,,,,,,,,,,,,,
ブランシュティアレス/B[Ou],,202850,202850,8e20a49b6bd70ecb7313190e8e5b33dd,404b68ff5b37b3a3e8c75b0e5bafdf1d,e2b2b02c995c1247c8032a428eabf869,,,,,,,,,,,,,,,,
ブランシュティアレス/B2[Ou],,202851,202850,c1cb3669dacc34b949c46953536d56b2,404b68ff5b37b3a3e8c75b0e5bafdf1d,e2b2b02c995c1247c8032a428eabf869,,,,,,,,,,,,,,,,
アネモスネーヴェ/B[Ou],,202860,202860,e1041c6720003fb62ba099f4fc018527,eda09fffbddff6311f959ba6b7731ba6,ec3de9495b49ed2facba701da747c3f0,,,,,,,,,,,,,,,,
アネモスジアーシャ/B[Ou],,202870,202870,525ce74716014c2319cf403ec4df18ba,9436e724fb54f528a91ae4fa3c96a30f,2d58d3386496fb7fd29bd5307e37faba,,,,,,,,,,,,,,,,
N-イノセントクラスタ/B[Ou],,202890,202890,61c56ac9f3198648cfd6aa96fa906312,2698ea4d488bc133a2209eee3f300998,263a842952444814d0f6ae202aa11080,,,,,,,,,,,,,,,,
『NGS』アークストップスT2[Ou],,203010,203010,19f339b960bd5f434d64205536e1845d,1880af59295e7fa9b966b7344768d907,799fe2c6892c7d47d38e020dfc1b7072,,,,,,,,,,,,,,,,
N-モッズコートT2[Ou],,203030,203030,1b1d8c7b55917bc7a614906e107c6e31,f7f8c220789920ccc908336ed13b1e42,017b513adb6558565ac2c8f2e61d9636,,,,,,,,,,,,,,,,
N-モッズコートT2/2[Ou],,203031,203030,c2f1b44193d5e42eb829bd216822ed3c,f7f8c220789920ccc908336ed13b1e42,017b513adb6558565ac2c8f2e61d9636,,,,,,,,,,,,,,,,
リボンケープ[Ou],,203040,203040,04498d3169203a8f2b08b86015405b97,9f305d8a79addabd3f7366b23a6ec794,c5ecb82c03d36d134ec69e95162ee57d,,,,,,,,,,,,,,,,
リボンケープ/2[Ou],,203041,203040,14a4ed7726df21102eeddeaaaa4416a7,9f305d8a79addabd3f7366b23a6ec794,c5ecb82c03d36d134ec69e95162ee57d,,,,,,,,,,,,,,,,
N-イノセントクラスタ/C[Ou],,203060,203060,464590f18bc591c1f1fff52e4be42dfa,bb26a1a3c7908b4bde9a19146b955408,218362f445a79c4b59939660cc05ee36,,,,,,,,,,,,,,,,
N-幻創聖母礼装/B[Ou],,203070,203070,ca57700c9d524deebac4750a72ec1397,2a46d94892c5b191c4fcc7ede3a39718,c6ae30ea67966ac21b528795d62c6b0d,,,,,,,,,,,,,,,,
Expo2022TシャツT2[Ou],,203100,203100,7b1b9fbfafeeea6b59452bf89b2b1d07,5c89abd492043e4e5f81808925189af3,e66a5f9189dea3b8e85da50c688c3ba3,,,,,,,,,,,,,,,,
N-オフショルダーニット/B[Ou],,203140,203140,e9d2817654f691b8901caf70bd06ff94,ed656653e648ecfc4e1b6525299a0a2c,e26d4965b84eac8306897c875eb773a9,,,,,,,,,,,,,,,,
ベーシックトップスT2[Ou],,203160,203160,12ce9a7b01ad91b90f3bd64c28b2a9c3,c8ebcc5a0f69b78d58806710ab5a6e0e,9d9c13b487ee6f0cdf0b433f6dc990f0,,,,,,,,,,,,,,,,
ニューディーブランキット/B[Ou],,203200,203200,0a583c74d064de7c5b69e96d6b38a80a,311aab6deb38588895464b8d9520ce56,97ec4f87fcbb437df37bb3a4b1f05e5d,,,,,,,,,,,,,,,,
ニューディーブランキット/B2[Ou],,203201,203200,238fb924d89cf534de28915948dc278c,311aab6deb38588895464b8d9520ce56,97ec4f87fcbb437df37bb3a4b1f05e5d,,,,,,,,,,,,,,,,
￥サモナーデフォルト女[Se]ＭＶ（肩のパーツなしver）　ＴＶ１　Ｃ１　ボディ,,203410,203410,,,,,,,,,,,,,,,,,,,
MAX-1000ジャケットT2[Ou],,203610,203610,4e815fdb62bf703121a97bc42493c95a,261581a30562608170c96b80cceff5e1,c24757c1c1aeb2be795e72c6561d94eb,,,,,,,,,,,,,,,,
MAX-1000ジャケットT2/2[Ou],,203611,203610,4208d861b36f87bcd571d862e033f0f2,261581a30562608170c96b80cceff5e1,c24757c1c1aeb2be795e72c6561d94eb,,,,,,,,,,,,,,,,
サントレイナ[Ou],,203620,203620,0fa8891eb071d7564c3827096829d9b7,f62779f2eea24e3c365f935b449b39c6,7ecc0d66c7325fec321bbcd92f867060,,,,,,,,,,,,,,,,
サントレイナ/2[Ou],,203621,203620,72ecd0da57187b24eaa28ab67600a80b,f62779f2eea24e3c365f935b449b39c6,7ecc0d66c7325fec321bbcd92f867060,,,,,,,,,,,,,,,,
[Unnamed 203630],,203630,203630,,45dce81a06f6fe38589be006c1de13a3,103e9ec9eda4c344053fd37fc827af3f,,,,,,,,,,,,,,,,
N-フリルパーカー/B[Ou],,203660,203660,1fe1b6945f7e38ee1abe022a360f8b6f,3fc40528cfe95656ecf3e659ee05cf8a,05a65b65f1d7a5a4c4f734337925a952,,,,,,,,,,,,,,,,
[Unnamed 203710],,203710,203710,,e8c7a47fd84dab9338e4549bba27efd3,8f4e158c78cb0fdb8081abac4cce741a,,,,,,,,,,,,,,,,
ヒカミノカグツ/B[Ou],,203750,203750,cfaa877ec88732a14c7bf0fcf0edc294,59fc7cae25fcd8117c1269d095a0dd2a,fb0079e2dba7e643a03beaecc3e4f6bb,,,,,,,,,,,,,,,,
マウンテンパーカーT2[Ou],,203780,203780,a5adfe98e048e1649bf35a04c4358de7,9d74ce2c3695112ad7c2a8e970dd8bd5,33d1c78bdb2606de8429f5fffce4ca32,,,,,,,,,,,,,,,,
マウンテンパーカーT2/2[Ou],,203781,203780,8a802e546664c22fe0b9afb029e82d1d,9d74ce2c3695112ad7c2a8e970dd8bd5,33d1c78bdb2606de8429f5fffce4ca32,,,,,,,,,,,,,,,,
マウンテンパーカーT2-V2[Ou],,203790,203790,e1d47700e981c98267e27c62866ed63f,32838b834231173dc01cd94fdb0c8521,204acde5845ca999d6147985d67e939b,,,,,,,,,,,,,,,,
マウンテンパーカーT2-V2/2[Ou],,203791,203790,94a8234865b0e77da5533bb7400e4168,32838b834231173dc01cd94fdb0c8521,204acde5845ca999d6147985d67e939b,,,,,,,,,,,,,,,,
チェスターコートT2[Ou],,203980,203980,fff02588c6a8c934aac5712c43613c72,a08bb7a26c7c5a069d3a380e10be9323,660dc4cf453d9056f3c2ee6caccb478e,,,,,,,,,,,,,,,,
チェスターコートT2/2[Ou],,203981,203980,8c4779717ac6855eee1fad89663d92b8,a08bb7a26c7c5a069d3a380e10be9323,660dc4cf453d9056f3c2ee6caccb478e,,,,,,,,,,,,,,,,
マッシュギアードT2[Ou],,204020,204020,71344310ffdfca7b8bb1b4d84e241f45,beb4b9316b4d74564af32318e244bd94,32730b68ca9913fefe6037c65896caa5,,,,,,,,,,,,,,,,
マッシュギアードT2/2[Ou],,204021,204020,961e7b04b25f934ddc93e5fe6661e86e,beb4b9316b4d74564af32318e244bd94,32730b68ca9913fefe6037c65896caa5,,,,,,,,,,,,,,,,
マッシュギアードT2NPC[Ou],,204029,204029,,151faf32022c6e64c8590b2d2896cf2a,cccc714a72bee66473b8dbf4c9b509b8,,,,,,,,,,,,,,,,
MAX-2000ジャケットT2[Ou],,204040,204040,c557577c18133b741dbd88470a9ccce8,8e0e9ec30bc1e18ddd14672cf2959279,7023ed802b4742b3b157e717839c86fc,,,,,,,,,,,,,,,,
MAX-2000ジャケットT2/2[Ou],,204041,204040,89cf6512c8614c4114f6717511a4a70c,8e0e9ec30bc1e18ddd14672cf2959279,7023ed802b4742b3b157e717839c86fc,,,,,,,,,,,,,,,,
MAX-1000ジャケットT2/B[Ou],,204180,204180,948b1f495b6dcff95279a71413853918,a6248851454880b33ff57764a79f0948,033c46322f86cfee8423a327a7134778,,,,,,,,,,,,,,,,
MAX-1000ジャケットT2/B2[Ou],,204181,204180,30936bc65658a68796c81015da40ae0a,a6248851454880b33ff57764a79f0948,033c46322f86cfee8423a327a7134778,,,,,,,,,,,,,,,,
オペラーテユニファ/D[Ou],,204230,204230,90c1664018834b83842f8ff4f12ae08e,949fd709ee68bcae93fc8e512c0ee746,687fb7323540efd0898b1fdc21a4fa89,,,,,,,,,,,,,,,,
オペラーテユニファAF[Ou],,204240,204240,f7b258ccf92e4f0e28c7b6a7f1261458,7769e9f9241632f9ee48062298af8b2b,b59b7a6ee9c0b6e29d855b321aa2d572,,,,,,,,,,,,,,,,
[Unnamed 204250],,204250,204250,,d8e0ab29ed3abe7897b4d8af357e0108,9a3782f10334bb44afc230b3e9d37fca,,,,,,,,,,,,,,,,
[Unnamed 204260],,204260,204260,,2636b541a2cbe95ffd7622a665ebe9b6,d09cbb2c5de8befd12f67979c7278d68,,,,,,,,,,,,,,,,
[Unnamed 204270],,204270,204270,,0eaa42fcb59ef484eb94789704585783,3d6b1f7550de7eed7d433a403413cb1f,,,,,,,,,,,,,,,,
￥サモナーデフォルト女[Se]ＭＶ（肩のパーツなしver）　ＴＶ２　Ｃ１　ボディ,,204290,204290,,,,,,,,,,,,,,,,,,,
リテムヴァルキスAF[Ou],,204370,204370,29718aba1fa56cd1f7627afbed000d7e,41c25213d844f5a4c4d27c841482bd23,74ba92e2d283279a9944f96feb225804,,,,,,,,,,,,,,,,
リテムヴァルキスAF/B[Ou],,204380,204380,076e302e5fad253b3b37020c777ad361,e940bd94ce409af9b8ce10bc631d73b7,27016d1d81cbca4ab40e512385f69bee,,,,,,,,,,,,,,,,
N-コンバットジャケットT2/B[Ou],,204470,204470,ee4beb7b7e3937cbbe13ab5c09dd53ec,4e61b9b5162398166d8765cd86173b89,5cf1a78a226ee327ef01076250c7b15b,,,,,,,,,,,,,,,,
カランエイランT2/B[Ou],,204490,204490,ce0523a9901ea16a4b71c643189f33c4,ab01e887cabdb5764d5528aeb0ff2c88,86027d41ed8e3378e87d4abbf87d2d5b,,,,,,,,,,,,,,,,
カランエイランT2/B2[Ou],,204491,204490,bb513d5b650baa179c428c1cf1635d36,ab01e887cabdb5764d5528aeb0ff2c88,86027d41ed8e3378e87d4abbf87d2d5b,,,,,,,,,,,,,,,,
[Unnamed 204500],,204500,204500,,04c871623af039d50ad3c22ee002cea4,ce93cb14cf9028270416bc047294a104,,,,,,,,,,,,,,,,
マウンテンパーカーT2/B[Ou],,204540,204540,45b42776aa6b19e5b4f8c4193eb2c017,715f83b80862871f2b4426eb04d9447e,940dffe81b6c6bce50377d8e60755cc7,,,,,,,,,,,,,,,,
マウンテンパーカーT2/B2[Ou],,204541,204540,330149417b4b1f15aa4962fdd15acf51,715f83b80862871f2b4426eb04d9447e,940dffe81b6c6bce50377d8e60755cc7,,,,,,,,,,,,,,,,
サントレイナ/B[Ou],,204550,204550,13feafba021a73152df3110a86df32dd,e61dac48449fe1c6b4df55da686679f7,81c69ab4bc854f7890e3384c9f9b4947,,,,,,,,,,,,,,,,
サントレイナ/B2[Ou],,204551,204550,53db333c86369b9fd0f54d30de2a153a,e61dac48449fe1c6b4df55da686679f7,81c69ab4bc854f7890e3384c9f9b4947,,,,,,,,,,,,,,,,
[Unnamed 204600],,204600,204600,,de0b1e1d8d689da0027033d3f05f5f0d,a1a90f0e1e036d0669be580e4dcd7072,,,,,,,,,,,,,,,,
[Unnamed 204610],,204610,204610,,35114272c05381d0c8437fa8c41c03c8,da6a8b0e6cd0c05b85e2ef910b11fbc0,,,,,,,,,,,,,,,,
[Unnamed 204620],,204620,204620,,c4f45a0ccc22a121660950b2c5811831,6eb29c3a2008e147cf547a3ed5c8ebea,,,,,,,,,,,,,,,,
N-モッズコートT2/B[Ou],,204630,204630,686bef5599ca7b361a3e0a39c654af2f,51e8a4903f82390bc96ae5c6bbe057f1,b0bdd44143c5aac399fc54630c5cf319,,,,,,,,,,,,,,,,
星川サラ・レプカ[Ou],,204650,204650,cc2ef945a19d4930cac9c6327e5cbfa5,dc61b329fc0ebad0be3bd3e0d1ba8e2d,5b162e0d7149212187a7e834c29c5ace,,,,,,,,,,,,,,,,
星川サラ・レプカ/2[Ou],,204651,204650,0543e1fc2f354c8661c8a39ab34d224a,dc61b329fc0ebad0be3bd3e0d1ba8e2d,5b162e0d7149212187a7e834c29c5ace,,,,,,,,,,,,,,,,
フィアラルキャット[Ou],,204710,204710,afccf0473d80e31d05126d9aadbda767,83b5ff352f03f5e4bd0d4837eeabbc7b,04f39e7972762d40cb706764b716807b,,,,,,,,,,,,,,,,
フィアラルキャット/2[Ou],,204711,204710,92b0be3afaebca8068dd7c373c00c472,83b5ff352f03f5e4bd0d4837eeabbc7b,04f39e7972762d40cb706764b716807b,,,,,,,,,,,,,,,,
フォクシオンテック[Ou],,204740,204740,037c8cf8c34f550147a0432df94178fc,32aa23a0e52282aa764bf268c71785ae,ec92e68ebfcd6d46357bba3ec524c61f,,,,,,,,,,,,,,,,
フォクシオンテック/2[Ou],,204741,204740,efa7a8a1fef2f7a30e95f4080321d842,32aa23a0e52282aa764bf268c71785ae,ec92e68ebfcd6d46357bba3ec524c61f,,,,,,,,,,,,,,,,
[Unnamed 204760],,204760,204760,,88af5a7f8c6e081fb87ebdc3a99cbd44,c5801d71b9fab61cf9d5f08e89e6033d,,,,,,,,,,,,,,,,
フラッフィーアウター[Ou],,204770,204770,a15540eab979b2b40a02dcc9a4c0ab34,95c42822eee1592ac703a99691922c14,6756979bce5c0ff620b22d9ea39677b6,,,,,,,,,,,,,,,,
フラッフィーアウター/2[Ou],,204771,204770,38d624bf00e84e370f310938ad73df4d,95c42822eee1592ac703a99691922c14,6756979bce5c0ff620b22d9ea39677b6,,,,,,,,,,,,,,,,
[Unnamed 204780],,204780,204780,,372d4e49f0f6a9101d450b427efbd2fb,d5bcbaa87f18d48953044f8830d7c0af,,,,,,,,,,,,,,,,
N-火を継ぐ真衣/B[Ou],,204850,204850,c7ab9b71fb6606784f9ddcd943ddc0fe,ffe356f983878ec5db872828865365b6,69b9385a5aa61e85caea31bbf26b4b78,,,,,,,,,,,,,,,,
マジスティアマキア/C[Ou],,205320,205320,4e46eca200063e427158cbe4dfb5a492,796e779ae34bd0f9afa330b80f361cfd,bf953affe9c14b6d49abf10105a12e2d,,,,,,,,,,,,,,,,
サイザーシルエッタ/C[Ou],,205530,205530,6101a3297e76fb70a94627152f9124ee,753c02084c6a8f78c82df17890bb6b64,c453ff994c8074fbac77a8bd8c78f8e3,,,,,,,,,,,,,,,,
アテンテイタルT2[Ou],,205640,205640,56db7fed33ed20abf3f33f0fa61b0f4a,f888e786502f4cdd8808697f04e8bb2b,9200183c4b389ec71fd2d4b2459f8b71,,,,,,,,,,,,,,,,
アテンテイタルT2/2[Ou],,205641,205640,e71da201e8c6c51956d601c382b3ee6e,f888e786502f4cdd8808697f04e8bb2b,9200183c4b389ec71fd2d4b2459f8b71,,,,,,,,,,,,,,,,
エランデラモートT2[Ou],,205650,205650,1d461423269d1a9c1092173b3ff12e04,ab4a2accbb33aa6cf3afc05a9ecc8034,50b352adb335eb476be7d55df30bdc5e,,,,,,,,,,,,,,,,
エランデラモートT2/2[Ou],,205651,205650,b3fb29c788055f93adfa117134511cea,ab4a2accbb33aa6cf3afc05a9ecc8034,50b352adb335eb476be7d55df30bdc5e,,,,,,,,,,,,,,,,
ラーキングオウガT2[Ou],,205750,205750,8e1f03a93abf1a7ae00d7656a9fa8e5d,f5ff8b093b784ae92687d150f33ae730,905a1b1f4db22662a2d6af7c7a8e7bdb,,,,,,,,,,,,,,,,
ラーキングオウガT2/2[Ou],,205751,205750,9e3354de94196483c77f4d3aab91e0fc,f5ff8b093b784ae92687d150f33ae730,905a1b1f4db22662a2d6af7c7a8e7bdb,,,,,,,,,,,,,,,,
オーバーサイズパーカーT2[Ou],,205780,205780,0abebe4dc593737876df04586a1e9b32,137ff500edd275e7d664cff595ee0f37,9a5830521def1dfbb5675fa0f8a2496d,,,,,,,,,,,,,,,,
オーバーサイズパーカーT2/2[Ou],,205781,205780,7090b141b2728d48c8b892e740f0849b,137ff500edd275e7d664cff595ee0f37,9a5830521def1dfbb5675fa0f8a2496d,,,,,,,,,,,,,,,,
[Unnamed 205810],,205810,205810,,ef94ac7378afe5156d64ca09f9774082,731bb0fae6fb95f63cf91abeb5aa8bcf,,,,,,,,,,,,,,,,
ヴィンターシュプールT2[Ou],,205820,205820,a02a143f5ef9ff155a562fc12729ebeb,9efa9cdca415f1353e41233c4de97872,d8c264cf932fa07c301878f4d9e7bb0a,,,,,,,,,,,,,,,,
ヴィンターシュプールT2/2[Ou],,205821,205820,741a7461e16a87a9db26a24e9e03bf9e,9efa9cdca415f1353e41233c4de97872,d8c264cf932fa07c301878f4d9e7bb0a,,,,,,,,,,,,,,,,
ヴィンターシュプールT2-V2[Ou],,205830,205830,6e782c246e0caac75fcc378e8bafdb56,27f84fb2456d5d896757b7c7f6a7a76e,600feb5d43fa5eab0ebdc89363589edd,,,,,,,,,,,,,,,,
ヴィンターシュプールT2-V2/2[Ou],,205831,205830,4465794cc150653557563a31545397be,27f84fb2456d5d896757b7c7f6a7a76e,600feb5d43fa5eab0ebdc89363589edd,,,,,,,,,,,,,,,,
メルカントT2/B[Ou],,205840,205840,32f6ab23017bf805c3a38e69b1f74f9c,14e5b2388b13f3b380a696b5351d37e5,dfb9a91b581791aa4c4c7726bad2ff65,,,,,,,,,,,,,,,,
メルカントT2/B2[Ou],,205841,205840,a041feea39ada21527145678f02d570b,14e5b2388b13f3b380a696b5351d37e5,dfb9a91b581791aa4c4c7726bad2ff65,,,,,,,,,,,,,,,,
星川サラ・レプカ/B[Ou],,205900,205900,3c8f86bf405b4523f89e8f9503e66230,95a5d9830cc047d09c4a6cd5d8b237ed,f49da16f02e8d54877b4f9fcf842c5f3,,,,,,,,,,,,,,,,
星川サラ・レプカ/B2[Ou],,205901,205900,fc6cd9ce1c918805c74dcba11c74cc8b,95a5d9830cc047d09c4a6cd5d8b237ed,f49da16f02e8d54877b4f9fcf842c5f3,,,,,,,,,,,,,,,,
[Unnamed 205940],,205940,205940,,d4f3db768c09a6b9560bd18f1e73d90a,b2b9c95d775c1c4baa9f430733f37427,,,,,,,,,,,,,,,,
[Unnamed 205950],,205950,205950,,1c6301262d453dae19e0dd2df487865b,825380caa74992f745c8cd2e77056a90,,,,,,,,,,,,,,,,
[Unnamed 206070],,206070,206070,,e1e891ce3a40fff6fb37d3824a7672b5,d468254c399cc8db8740bcaaf9164a5b,,,,,,,,,,,,,,,,
サイヴァトランツT2/B[Ou],,206100,206100,525a1a3a39e8ef3a6faa596f6043034d,bf94a7f72766e648d87bff5aeabd2d17,6c6b4fb5ad4da3738de33bbae4dba75d,,,,,,,,,,,,,,,,
サイヴァトランツT2/B2[Ou],,206101,206100,56e33b07d8c547c54a102a7dc7865d28,bf94a7f72766e648d87bff5aeabd2d17,6c6b4fb5ad4da3738de33bbae4dba75d,,,,,,,,,,,,,,,,
フラッフィーアウター/B[Ou],,206150,206150,ff88cba0e9be9fb173e230767197ada5,7d80eb3eabacdc37028db822c62314c9,4e078f155e0a025d5996520dddd4a43d,,,,,,,,,,,,,,,,
フラッフィーアウター/B2[Ou],,206151,206150,552ff59f0d419885dc5006b7fd285371,7d80eb3eabacdc37028db822c62314c9,4e078f155e0a025d5996520dddd4a43d,,,,,,,,,,,,,,,,
リボンケープ/B[Ou],,206160,206160,ec17366711082de51920f16d9005cb1a,c892ad612edf8651560406a610d37a87,fb6f75b721147ec7ccce08b5d50f128f,,,,,,,,,,,,,,,,
リボンケープ/B2[Ou],,206161,206160,3d6b0f26433599584d5bfc6063e27384,c892ad612edf8651560406a610d37a87,fb6f75b721147ec7ccce08b5d50f128f,,,,,,,,,,,,,,,,
ベルゼーゲルT2/B[Ou],,206200,206200,63fc1ab7bccef6fba2665bbf6d9c67ed,74baa87bac427ef9157abf01dabbc2fc,3c1dbf520370384193e53e7c237eced3,,,,,,,,,,,,,,,,
ベルゼーゲルT2/B2[Ou],,206201,206200,474ecaecd617a9892abd6784dcc3d1db,74baa87bac427ef9157abf01dabbc2fc,3c1dbf520370384193e53e7c237eced3,,,,,,,,,,,,,,,,
マッシュギアードT2/B[Ou],,206330,206330,4700892a305a38f6686502caf8bd01ee,065b083ef774845481b0875a6972c2dd,31816ceb814b560aba0831a41a6e639c,,,,,,,,,,,,,,,,
マッシュギアードT2/B2[Ou],,206331,206330,57fd73a936f75ecc67a4f4377417a196,065b083ef774845481b0875a6972c2dd,31816ceb814b560aba0831a41a6e639c,,,,,,,,,,,,,,,,
フォクシオンテック/B[Ou],,206340,206340,1759ff02fff3a776170a35ab34718057,8f057551ba84a7573765e0db8b12f92d,4a7989b82efec9a6d497f51d7501dc6a,,,,,,,,,,,,,,,,
フォクシオンテック/B2[Ou],,206341,206340,172c0488a5869e2df376b14a91c06e6e,8f057551ba84a7573765e0db8b12f92d,4a7989b82efec9a6d497f51d7501dc6a,,,,,,,,,,,,,,,,
[Unnamed 206350],,206350,206350,,551e7864fef0930c6c3d7074fc6b0a3a,b2748a53fa87ef11b3cd8c439fe7f268,,,,,,,,,,,,,,,,
[Unnamed 206360],,206360,206360,,d436589e95fee49b2ec9ddd9601fab1a,8f7e47cd2b7b4b70c8a50150d9fe29af,,,,,,,,,,,,,,,,
[Unnamed 206370],,206370,206370,,716ef2090be5fa24fe23a852cd1b5c5e,417b5a28529d07e8a4627f158e8bea99,,,,,,,,,,,,,,,,
[Unnamed 206380],,206380,206380,,b05df6429244acc02bc11e7eff69718b,e8643d9330b8be90a0fed2f8fceae493,,,,,,,,,,,,,,,,
草薙素子のジャケット[Ou],,206480,206480,e01c47ecc1bad38123ec62666db438b2,1aca069a9fb13cc057319b4b1fbf71f8,f56fa3f7b1109b46f132e40664d790e2,,,,,,,,,,,,,,,,
草薙素子のジャケット/2[Ou],,206481,206480,301d862a54da6bbb70bc0653ff89dbbb,1aca069a9fb13cc057319b4b1fbf71f8,f56fa3f7b1109b46f132e40664d790e2,,,,,,,,,,,,,,,,
草薙素子のジャケット/3[Ou],,206482,206480,ce752332c29366aac7bf3de2c69e7740,1aca069a9fb13cc057319b4b1fbf71f8,f56fa3f7b1109b46f132e40664d790e2,,,,,,,,,,,,,,,,
草薙素子のジャケット/4[Ou],,206483,206480,2b183c9c4500a80c11a4b9d8667ec105,1aca069a9fb13cc057319b4b1fbf71f8,f56fa3f7b1109b46f132e40664d790e2,,,,,,,,,,,,,,,,
MAX-2000ジャケットT2/B[Ou],,206640,206640,cd9b012b8a444310bce82a4af1a8cdea,7d990968b1004cd47ee0fa754d0f6c99,e30acf6ec785962de77d8bf2a32b509b,,,,,,,,,,,,,,,,
MAX-2000ジャケットT2/B2[Ou],,206641,206640,217c6edef5f20d782d305ec6a88119b6,7d990968b1004cd47ee0fa754d0f6c99,e30acf6ec785962de77d8bf2a32b509b,,,,,,,,,,,,,,,,
チェスターコートT2/B[Ou],,206650,206650,9fef7b38fa9a92cd12aad9a13e005bf9,c4f3a9e1f5c7baabd6aff02545f90cdb,dfa0030e56123f09e25b2353da6413dc,,,,,,,,,,,,,,,,
チェスターコートT2/B2[Ou],,206651,206650,f190b863a9ce7a7099ca9af4ea6fc809,c4f3a9e1f5c7baabd6aff02545f90cdb,dfa0030e56123f09e25b2353da6413dc,,,,,,,,,,,,,,,,
ベルゼーゲルT2-V2[Ou],,206750,206750,daa6404cb27a0a9eb4335ccd00bff1cb,fbc72d63af6cd974d77a90ff3322e7b8,34b221237b2b72519428131cad8e68f8,,,,,,,,,,,,,,,,
ベルゼーゲルT2-V2/B[Ou],,206760,206760,2bd4bd66396ee01e050dc981a2ff4503,095644e459ce41f668569dc45c8b2c02,d2d078f21508a79102741304ba7fc449,,,,,,,,,,,,,,,,
[Unnamed 206790],,206790,206790,,5934431071140306c3d370f3a33b79a1,8cf15caca825cbae54cd95effad9a435,,,,,,,,,,,,,,,,
N-ノースリーブコートT2[Ou],,206830,206830,3eb7400e594debe25a117002a9257928,9ed0e54023cfe36be362f63bd8225cdd,7281d69193eadccca035a0d341161e07,,,,,,,,,,,,,,,,
スポルティージェッツT2[Ou],,206870,206870,ecef270b5d617f2f55c3dbeedf0d48f9,aa43181c9a5c7b18f03c7e53f52293e8,f9c1b9bf1cacc2827ffc9b01549d629d,,,,,,,,,,,,,,,,
スポルティージェッツT2-V2[Ou],,206880,206880,ac21beea845ed938be8fefa1affacf5c,cc551945a13669b15beeeb5b46b3b4cb,b6702f25c39ca5f006bdc168d5278a2a,,,,,,,,,,,,,,,,
アクティージェッツT2[Ou],,206890,206890,b7dba6d82b6da44523cd9a7fa9e01514,6d653d673c5b93b4c46d51a22b1988dd,4c7fffcb5e461dad7f38b5c92ab1fa8d,,,,,,,,,,,,,,,,
アクティージェッツT2-V2[Ou],,206900,206900,a641952d5ad195b12d5516668a0c8221,3eb5903874fba4053f39e241c8c7e4d7,3ad973dd51445c44c017745dc9bc4f6f,,,,,,,,,,,,,,,,
イナリノハッピT2[Ou],,206910,206910,fca272be009f5bb97acd2d7ac80e328e,f837896dd0bfe150433cc50cd44dd5e5,406f4c2a3535d6f5ed85e881269e8838,,,,,,,,,,,,,,,,
イナリノハッピT2/2[Ou],,206911,206910,02a14e519b52fd8a0759e354b36ca146,f837896dd0bfe150433cc50cd44dd5e5,406f4c2a3535d6f5ed85e881269e8838,,,,,,,,,,,,,,,,
[Unnamed 206980],,206980,206980,,6c743c77222895aa77707bf35beb1369,33b9c8014c311e4204dba922d418e080,,,,,,,,,,,,,,,,
マニカタトゥーヤT2[Ou],,207020,207020,c32c25097599617a2ce5f7799a7d2478,cb8bac768313ceff0c35f6228e0b0897,b6e133dcde59b3eb4c38e45d4625f5cb,,,,,,,,,,,,,,,,
マニカタトゥーヤT2/2[Ou],,207021,207020,33593feda1df2c1c2ffb7b69c475f4a9,cb8bac768313ceff0c35f6228e0b0897,b6e133dcde59b3eb4c38e45d4625f5cb,,,,,,,,,,,,,,,,
マニカタトゥーヤT2-V2[Ou],,207030,207030,a0884c65dbbb34d56f7720a82ddb3f0c,30d10a0177d3cf222c7ece1978525752,ed150c19fc29251d362659d03013bbd4,,,,,,,,,,,,,,,,
マニカタトゥーヤT2-V2/2[Ou],,207031,207030,4fc3fe57bb652c904e923bfe529cb511,30d10a0177d3cf222c7ece1978525752,ed150c19fc29251d362659d03013bbd4,,,,,,,,,,,,,,,,
アテンテイタルT2/B[Ou],,207060,207060,ae50647ee2ebad72f07d60be47349e26,072801ecd087b95b8316f27a372b4f82,0f72ceb33f0e2a2845368c7aadb4ff5f,,,,,,,,,,,,,,,,
アテンテイタルT2/B2[Ou],,207061,207060,3bfeb4db9e4aeb77c52ff95aa6792918,072801ecd087b95b8316f27a372b4f82,0f72ceb33f0e2a2845368c7aadb4ff5f,,,,,,,,,,,,,,,,
[Unnamed 207180],,207180,207180,,8afb5c22989eca9071ee4021c525163c,31163e9726ea7f1068f5e8daf59546f6,,,,,,,,,,,,,,,,
[Unnamed 207190],,207190,207190,,dfcdcdb3ec8f4b47da11c1d7c462b8f0,dd38a04624f48d264126a984743f34c0,,,,,,,,,,,,,,,,
ラッピーハッピT2[Ou],,207520,207520,f43798812963d811cbeef2ef79975aa4,bb75ef1587c777964e1b44bcb7c89912,9c925faac93bfc8b76c3b180cf770446,,,,,,,,,,,,,,,,
ラッピーハッピT2/2[Ou],,207521,207520,fa0dc8a77dc4b247df0aec9e652a3526,bb75ef1587c777964e1b44bcb7c89912,9c925faac93bfc8b76c3b180cf770446,,,,,,,,,,,,,,,,
[Unnamed 207530],,207530,207530,,,,,,,,,,,,,,,,,,,
ジゼル・レプカ[Ou],,207920,207920,8cbd9ab98df4b43a6d295ac1ad46fb64,df76fc10b652ca1b7e05a3ddebb5e109,7ee7018ba7fba0b2023a18d6d0ed1703,,,,,,,,,,,,,,,,
イナリノハッピT2/B[Ou],,208290,208290,1e9621c8cf0cfd2cb17f5372d357359a,6f7f6addff06f947f63ad412f5c81306,c9e4dc00c4655772987cbd92a2ad99b0,,,,,,,,,,,,,,,,
イナリノハッピT2/B2[Ou],,208291,208290,4044c202f5d5734a72986da15ce950cc,6f7f6addff06f947f63ad412f5c81306,c9e4dc00c4655772987cbd92a2ad99b0,,,,,,,,,,,,,,,,
ラッピーハッピT2/B[Ou],,208300,208300,33557c2f184da930cfd56faa6bec951b,843d28090b2b99948eaf4ca9bf4fcd8d,716a48365740b988569b166a94ec2d1d,,,,,,,,,,,,,,,,
ラッピーハッピT2/B2[Ou],,208301,208300,a3a3c889da0f66c4ee202d097db8aa2e,843d28090b2b99948eaf4ca9bf4fcd8d,716a48365740b988569b166a94ec2d1d,,,,,,,,,,,,,,,,
[Unnamed 208310],,208310,208310,,,,,,,,,,,,,,,,,,,
ラーキングオウガT2/B[Ou],,208340,208340,72b707376feff52c76d39cdb53e5812c,1affcb8f70f4ae5b259c826816d2567a,3ef1c465a42f40d1baa4047a9e6f3c9b,,,,,,,,,,,,,,,,
ラーキングオウガT2/B2[Ou],,208341,208340,ccbe72036ed466ba69a2bbea8987b14b,1affcb8f70f4ae5b259c826816d2567a,3ef1c465a42f40d1baa4047a9e6f3c9b,,,,,,,,,,,,,,,,
[Unnamed 208530],,208530,208530,,be8c7a77c5c42761ae71f27f8f5b61bc,ed59b1089a5f0d5168743e833cbd7bbb,,,,,,,,,,,,,,,,
[Unnamed 208590],,208590,208590,,ed35c0087afbe87945bd161f250ccf32,5e1909c1a4741da06f0c746508325622,,,,,,,,,,,,,,,,
N-カレテラヴィントAF[Ou],,208700,208700,2c6022946914a2a84aa4921870a225a6,ecdbe23ad38914034028ded609dae5f0,5af70d0ab2695050dba322ebe30d1aa7,,,,,,,,,,,,,,,,
N-幻創聖母礼装/C[Ou],,208720,208720,5070a30f4f80fdafa8fcd8c044a214ce,18b66bc9e7a8ce61bd321daf6c0b524a,6c57c8f403543179884ef950e96ca8c9,,,,,,,,,,,,,,,,
N-幻創聖母礼装AF[Ou],,208740,208740,85f236e7b5469065b30671c4d79bf8a4,fa8dca50083c6925a2ea692ea9cd50c2,385f71976d7f4ce7bd80421adf2db24e,,,,,,,,,,,,,,,,
エランデラモートT2/B[Ou],,208830,208830,682655d1befb1f54b3c983c354fe1e1a,a3624cee0a367a2001c5b41688598104,e538867abd47ab83348f7b8a30df4ab0,,,,,,,,,,,,,,,,
エランデラモートT2/B2[Ou],,208831,208830,2a802ebe768ac4b383ea20aad4f8b2c0,a3624cee0a367a2001c5b41688598104,e538867abd47ab83348f7b8a30df4ab0,,,,,,,,,,,,,,,,
オーバーサイズパーカーT2-V2[Ou],,208850,208850,c263164665fd5c2adcdfbb8c784108e9,8b54b92de11f47f08d2fa979fd33a3e8,42595b103e37c268de8c52b2b7380ab2,,,,,,,,,,,,,,,,
オーバーサイズパーカーT2-V2/B[Ou],,208860,208860,6993715eced8fef8ec6987884ff90c49,50ed04c243ec1bde17093fdb5b19bf44,15c941339690a87430884db982037124,,,,,,,,,,,,,,,,
[Unnamed 208880],,208880,208880,,eb8bee56298c4eafa3e8eadc9223f267,f264cad87efa29f2702af2f67b5a4e54,,,,,,,,,,,,,,,,
N-ノースリーブコートT2/B[Ou],,208990,208990,7edecf71c3f93925add0cd7881ebd131,f11a6774c1342ade3b9e996cfee1df42,16857994fa10b57af6a3246a8e57b76a,,,,,,,,,,,,,,,,
オーバーサイズパーカーT2/B[Ou],,209060,209060,f8f6d479cc55c32eea5ec11df9fe07c0,cabbbf6a84ff733d43e26263e4be8ca7,57367db67f75ce049c1db41a2f282140,,,,,,,,,,,,,,,,
オーバーサイズパーカーT2/B2[Ou],,209061,209060,6edd6157a8a8ae609ef7621f816ff226,cabbbf6a84ff733d43e26263e4be8ca7,57367db67f75ce049c1db41a2f282140,,,,,,,,,,,,,,,,
[Unnamed 209110],,209110,209110,,5aa9ff6fa0f6e8c22bb6befffaca6557,77711f5cd804ab1939f8ec258c9373dc,,,,,,,,,,,,,,,,
[Unnamed 209150],,209150,209150,,ab41da3b14ebc826df72f4042b25923e,a91c00dd3de6db1bb2111c2406971b04,,,,,,,,,,,,,,,,
ヤータスヴィージス/B[Ou],,209380,209380,d6642782b3ad2c062f4453855e255093,7e46c839c62d1197b5a2507d5d71040e,91e229268810a5c539a137f53ab7b4cf,,,,,,,,,,,,,,,,
ヒカミノカグツ/C[Ou],,209400,209400,fa9812e23c88cd229b597fec927fed2b,e74fdcab8b055445c5d64f4769573d8f,b8426f15ac187ea7edafd6c863e43808,,,,,,,,,,,,,,,,
[Unnamed 209470],,209470,209470,,d10e5908d653afa6d38beff19588c1cb,95cdb95aef7a9768a011250e72374eb9,,,,,,,,,,,,,,,,
[Unnamed 209480],,209480,209480,,07b4722e9663775a80a282c72546e8d6,93382cef8a25ec757fa3ff8fcdf872bf,,,,,,,,,,,,,,,,
[Unnamed 209490],,209490,209490,,b380ed3bec4f1554c83897cb7a42026a,925977ce27f823282fa27d083f5caead,,,,,,,,,,,,,,,,
[Unnamed 209500],,209500,209500,,592edd65929c208e87cd4889cfb1d768,ef5aad4521b21d003b69213ea0f34d45,,,,,,,,,,,,,,,,
[Unnamed 209560],,209560,209560,,3c97a5cd9c5baae8b06450e73042a242,2dedf8eb3f90a37710555fe67f6c4575,,,,,,,,,,,,,,,,
魔使マオ・レプカ[Ou],,209570,209570,1debfe1ffa71ea088ada3eceff12aea5,b086014042969f23c346ffd0704000f3,bd0dcbd3d50fad08ec5f132eecc384c9,,,,,,,,,,,,,,,,
魔使マオ・レプカ/2[Ou],,209571,209570,5ee097cedaa5cd25f2f164e45c52a599,b086014042969f23c346ffd0704000f3,bd0dcbd3d50fad08ec5f132eecc384c9,,,,,,,,,,,,,,,,
ユッタリシャツT2[Ou],,209640,209640,86c0bbe32f2c8a883d0b03e228ae3621,6f4ad935cfc64d6c3ab486b7ed37ce3a,f9813e5ccbb9f20f99a57a95056c9b9a,,,,,,,,,,,,,,,,
ユッタリシャツT2/2[Ou],,209641,209640,d33ffb73363ff2d5ad9f52f6e76657af,6f4ad935cfc64d6c3ab486b7ed37ce3a,f9813e5ccbb9f20f99a57a95056c9b9a,,,,,,,,,,,,,,,,
[Unnamed 209690],,209690,209690,,cd878189f240d45082fe1f47dd3333bb,847744bc1d8a5d24001d034ce09bc474,,,,,,,,,,,,,,,,
[Unnamed 209710],,209710,209710,,809c8668e8a2589c4c6a6a6051be57a6,9d8f9d511e3027dee1a09c1844edd2a1,,,,,,,,,,,,,,,,
フルオレファッシT2[Ou],,209750,209750,474299b2fbd6b785e7684be859d3f416,c192256806e9561c12d2eef58e4f2973,e4fae93b0f6500938753b0f319080acf,,,,,,,,,,,,,,,,
フルオレファッシT2/2[Ou],,209751,209750,271c6672ec245798666fb1fe0db537af,c192256806e9561c12d2eef58e4f2973,e4fae93b0f6500938753b0f319080acf,,,,,,,,,,,,,,,,
[Unnamed 209860],,209860,209860,,9355561e5b114f6179780ffafa8b1262,8994cc5e9e82ba61a01aed779af66c53,,,,,,,,,,,,,,,,
クロップドパーカーT2[Ou],,209910,209910,25a685fa212f8fa767c0998c5356f3ff,fa1fb638e1695ff802ddb486fd85ae75,e1b9fdeb53cee66585a38a675c50a812,,,,,,,,,,,,,,,,
クロップドパーカーT2/2[Ou],,209911,209910,9c24cb7204bd9700a8d6edffe628a8aa,fa1fb638e1695ff802ddb486fd85ae75,e1b9fdeb53cee66585a38a675c50a812,,,,,,,,,,,,,,,,
クロップドパーカーT2/3[Ou],,209912,209910,3337070e1ac2bbc202be87a78599b86d,fa1fb638e1695ff802ddb486fd85ae75,e1b9fdeb53cee66585a38a675c50a812,,,,,,,,,,,,,,,,
クロップドパーカーT2/4[Ou],,209913,209910,a2780f98f588f94c52011168bc86ba9d,fa1fb638e1695ff802ddb486fd85ae75,e1b9fdeb53cee66585a38a675c50a812,,,,,,,,,,,,,,,,
スポルティージェッツT2/B[Ou],,210070,210070,aaf0c6aeb8bda9a42e30b84cd91d4448,e13b1694421728b6c130880d3f88f011,1ede9ba432db423473da0911d57357f1,,,,,,,,,,,,,,,,
スポルティージェッツT2-V2/B[Ou],,210080,210080,1ed621f70edce2263d73f85bc5c7cc84,673cc084130d0437c4aa11da112fd86c,e031674a413a7da49c1aabfb1bbc6f46,,,,,,,,,,,,,,,,
アクティージェッツT2/B[Ou],,210090,210090,6c49a6a7e45139c66ee47634873b4bd3,f6a0f25d952b28039f5093a738941895,85f5da9627f0554e1ab334f43c9828e8,,,,,,,,,,,,,,,,
アクティージェッツT2-V2/B[Ou],,210100,210100,3e41a4c130fc320b0265c43a5c62ba8a,2ff2550bc20321dc3379f8868073f682,c860f81371c83ac9294dcd0479a97669,,,,,,,,,,,,,,,,
ユッタリシャツT2/B[Ou],,210110,210110,aeff1945ded68bd3ad690648b55722ca,5e2462287ba0701cf3539d1b0aeafedb,3d630dd7dbb2f58845a93ce8be0f7515,,,,,,,,,,,,,,,,
ユッタリシャツT2/B2[Ou],,210111,210110,f997e4cbd19422b82e37a295b3e3ad3f,5e2462287ba0701cf3539d1b0aeafedb,3d630dd7dbb2f58845a93ce8be0f7515,,,,,,,,,,,,,,,,
ラプソディーラウドネT2[Ou],,210160,210160,28363dea8ec22b59b0a9a0df900e22b4,f016e60b16b1ded7a6440de19f297e0a,bf3ccf7e7eba2dcd1421fce2688c2d36,,,,,,,,,,,,,,,,
ブランシュティアレス/C[Ou],,210240,210240,3b50945f2525c636c4771042e7f154c1,cfa9018e9e1053e4a94851c57bbf2dac,184757ab47aded0cfa9c461220132aad,,,,,,,,,,,,,,,,
[Unnamed 210400],,210400,210400,,8dc16bf17d24107f0a51273db78ffc10,f8ab0ae52b7973b7ecd63d34c4d5d531,,,,,,,,,,,,,,,,
[Unnamed 210410],,210410,210410,,5e8d916b326b6dac22a331006d26e743,452657fe461c4bcbf597fc61e9e9a115,,,,,,,,,,,,,,,,
オリエストライゼT2[Ou],,210500,210500,8f4e18e72d83ac75198682e37ce09773,9f28deee702dcdcf33b66d891cd11490,f306ef1c6a0d990e3fe5af840789e124,,,,,,,,,,,,,,,,
オリエストライゼT2/B[Ou],,210510,210510,499e34391e15a43613716517d17c32bc,9cfb95a6f522a51eed226555d55c8294,b96e1cbf345ea8c9b1f62e46f9fcbe43,,,,,,,,,,,,,,,,
オリエストライゼT2/C[Ou],,210520,210520,9a87328997ddbe63b53da669e46f0a8d,80931f1c0de56666a6a519fb4b364ea2,9077e16e29e7cc4a19056749775486d1,,,,,,,,,,,,,,,,
オリエストラウダ[Ou],,210530,210530,695be9b55d69b51461511ddf415c2a95,44f94dc63ef80e4fc2a3621b34c54eec,e01ffda702598c6ae0c30976ae896963,,,,,,,,,,,,,,,,
オリエストラウダ/B[Ou],,210540,210540,0280c2ac2ae21007e08aa96a212e321a,afa82235cc8285e3ba2b8d8abe3197b9,ef8f48635c4c9fcad58c3a49b877ef37,,,,,,,,,,,,,,,,
オリエストラウダ/C[Ou],,210550,210550,46f92ace3cff699ec7c81ffefbef249b,1cdd3b52336add8abb1f6e1e5d41b7e9,da6ccb90a1032fbc188ba91b7bf81cca,,,,,,,,,,,,,,,,
[Unnamed 210650],,210650,210650,,84ab15360706e2365e631a590051ce87,39350af643b4ca2ca5d3abbf3fb85b80,,,,,,,,,,,,,,,,
リソース用ライザの衣装[Ou],,210760,210760,,48605b165bd898f8f21695360b2641ae,29d21db9e6a928a7eb38b6236280e6fa,,,,,,,,,,,,,,,,
リソース用ライザの衣装/2[Ou],,210761,210760,,48605b165bd898f8f21695360b2641ae,29d21db9e6a928a7eb38b6236280e6fa,,,,,,,,,,,,,,,,
[Unnamed 210860],,210860,210860,,8e3fa61ae834bfe7b84c384769a2ae6b,d970331c149bbdc181791df5c9343169,,,,,,,,,,,,,,,,
[Unnamed 210870],,210870,210870,,d3cf1f07500a2308a1778ac5bedb95ef,6d9e677ca8919608a19afcc24cf0c7d3,,,,,,,,,,,,,,,,
魔使マオ・レプカ/B[Ou],,210890,210890,e281711de2a7b4a84760b83e5c58b008,a3954465d6586843231e763340858a98,910425100efe45ac596b0f18b85ba556,,,,,,,,,,,,,,,,
魔使マオ・レプカ/B2[Ou],,210891,210890,485c0a58c30e3eaaa1b9f679ac526924,a3954465d6586843231e763340858a98,910425100efe45ac596b0f18b85ba556,,,,,,,,,,,,,,,,
ジゼル・レプカV2[Ou],,211070,211070,32ea62e71f1c42b9e73b1e47745cf283,1c0496fe7e7b0b10c6ff2f1988faffc8,188cfd91471eef1ada92941b6df9668f,,,,,,,,,,,,,,,,
ジゼル・レプカ/B[Ou],,211090,211090,df84c31f40f214bc01e91f1f525dfdb3,9a79396e3dabb8a31ed49db31e48ce60,4356750fdddc3526d46f2fcb9266a7de,,,,,,,,,,,,,,,,
ジゼル・レプカV2/B[Ou],,211100,211100,13f1145e4d440ddbd45bfbb87d93f942,e942727e63768dd2056dcf0f732bea0a,01b33f7a818e37abde198e8f43f63952,,,,,,,,,,,,,,,,
[Unnamed 211130],,211130,211130,,1691788f09baf5d6a59711a209b9224d,46c31a19ffb44a974f7f293f6e665868,,,,,,,,,,,,,,,,
[Unnamed 211240],,211240,211240,,a7d5208964b11dae6ac8c35bc433c9db,0382e51ad8e9fed3e040f7da02330813,,,,,,,,,,,,,,,,
フルオレファッシT2/B[Ou],,211370,211370,cd99bb5afb8b81cbebfa659199a4482d,b17b35580094c5d99394b14b751b1cc2,f807f0b2f7ed9ab0da9d90cdb2c7f2b3,,,,,,,,,,,,,,,,
フルオレファッシT2/B2[Ou],,211371,211370,b239e6007e18f493d4c3c0c09161fdc5,b17b35580094c5d99394b14b751b1cc2,f807f0b2f7ed9ab0da9d90cdb2c7f2b3,,,,,,,,,,,,,,,,
[Unnamed 211390],,211390,211390,,4973799dcce3e46ca30fb20e02b31057,f870b895c0e6c2f8abda8c148eed006b,,,,,,,,,,,,,,,,
[Unnamed 211400],,211400,211400,,364cb2f36e4dad40aa0c6c6982d155ff,5cb01bc33983972914f90937a46a7372,,,,,,,,,,,,,,,,
[Unnamed 211490],,211490,211490,,097eab0eb633ae9225822b97bddf3181,f422425361cd16dce7eae73ed0a0762d,,,,,,,,,,,,,,,,
N-ぶかぶかＴシャツT2[Ou],,211690,211690,69bf5b5571745195e60a34036078632a,a15f9f69e60e6b2e2c2d6de42df8d765,70aad4c9962c15e9ae89b047bd57475f,,,,,,,,,,,,,,,,
N-ぶかぶかＴシャツT2/2[Ou],,211691,211690,7cbe44acb4bf463d40bd7542f7b10ba6,a15f9f69e60e6b2e2c2d6de42df8d765,70aad4c9962c15e9ae89b047bd57475f,,,,,,,,,,,,,,,,
ラッシュガルドT2[Ou],,211750,211750,d342db48f69095a23e5d62ce8cffcb22,388a279772ddc3792bc4087d20f9c23e,d035d497e4165073858b02a1098e8061,,,,,,,,,,,,,,,,
ラッシュガルドT2/2[Ou],,211751,211750,cb7c742cb816a8de7c5feccd9683a985,388a279772ddc3792bc4087d20f9c23e,d035d497e4165073858b02a1098e8061,,,,,,,,,,,,,,,,
ラッシュガルドT2/B[Ou],,211760,211760,1eba7d5a8ad54045a3b23b755a7081b0,b1ff81021dafb4e05c2032112b86ef46,a340070219dcf36de6d9f29c2d1b748d,,,,,,,,,,,,,,,,
ラッシュガルドT2/B2[Ou],,211761,211760,8d491a96770af8b6591d5be3b083f1c4,b1ff81021dafb4e05c2032112b86ef46,a340070219dcf36de6d9f29c2d1b748d,,,,,,,,,,,,,,,,
[Unnamed 211860],,211860,211860,,,,,,,,,,,,,,,,,,,
ディアマントT2[Ou],,211890,211890,ebb6e8f2da1e43b7de2a84757a768584,3278bbf62d03d75242fac047aeab36c0,917cebb137f53305032b31a9bcbae475,,,,,,,,,,,,,,,,
ディアマントT2/2[Ou],,211891,211890,b239a0ef92e73f93dc726046098a5754,3278bbf62d03d75242fac047aeab36c0,917cebb137f53305032b31a9bcbae475,,,,,,,,,,,,,,,,
N-ヨシノテフラ[Ou],,211940,211940,84f94bdea93fee085564270e57545396,16a2b3c63a3865855f0e4eaa1da705fc,7e5f139172c11f72b2733bd3ecfa2e15,,,,,,,,,,,,,,,,
N-ヨシノテフラ/2[Ou],,211941,211940,9a89877cd1328727c4994ee3169e4346,16a2b3c63a3865855f0e4eaa1da705fc,7e5f139172c11f72b2733bd3ecfa2e15,,,,,,,,,,,,,,,,
[Unnamed 211950],,211950,211950,,b7da7064eb12b1951c7783e66d629c29,f932d69789cc4ee847d64fd86e7f2dbc,,,,,,,,,,,,,,,,
クロップドデニムジャケットT2[Ou],,211980,211980,a4fcfb4f412174af50a4a552a7ee96dd,61dbcf094d44ead879ac870c611f9da4,cc438b4060a8394d55ae5933c067e350,,,,,,,,,,,,,,,,
クロップドデニムジャケットT2/2[Ou],,211981,211980,671c1e43b4c6859f6fa98c09f5939741,61dbcf094d44ead879ac870c611f9da4,cc438b4060a8394d55ae5933c067e350,,,,,,,,,,,,,,,,
クロップドデニムジャケットT2/3[Ou],,211982,211980,17adee6522d8e665f73653d59076a57b,61dbcf094d44ead879ac870c611f9da4,cc438b4060a8394d55ae5933c067e350,,,,,,,,,,,,,,,,
クロップドデニムジャケットT2/4[Ou],,211983,211980,4f62531a06a8dc379173fe11874e9114,61dbcf094d44ead879ac870c611f9da4,cc438b4060a8394d55ae5933c067e350,,,,,,,,,,,,,,,,
N-ぶかぶかＴシャツT2/B[Ou],,212090,212090,e1c7fb22d4504acdd7028ed114bed774,0acd62ebcb2062f005b32823c4fd7bbe,54dab228637dcd1e83d3fa2519c3a16f,,,,,,,,,,,,,,,,
N-ぶかぶかＴシャツT2/B2[Ou],,212091,212090,2f4459ab1c17d79576c5097b6dc452b9,0acd62ebcb2062f005b32823c4fd7bbe,54dab228637dcd1e83d3fa2519c3a16f,,,,,,,,,,,,,,,,
[Unnamed 212440],,212440,212440,,25ef474a311ebca415025ea3df4beb3f,e4a620eb88371e0a69d11a4c39fa73fb,,,,,,,,,,,,,,,,
フレーフレランT2[Ou],,212450,212450,782cb1b2c09d2992a7d863f26d84b9ab,7261f45124ff2759de8d3783d7688df0,bbe81c953e4a858a97bc00d4056aab30,,,,,,,,,,,,,,,,
[Unnamed 212490],,212490,212490,,,,,,,,,,,,,,,,,,,
[Unnamed 212520],,212520,212520,,43fe4a73551dd31a9c9d3cbaabc4f293,a13186631a59358df96b0ff05982ea38,,,,,,,,,,,,,,,,
レザーズライダーT2[Ou],,212530,212530,7d3a2fc80644c45d8770df5ee44eb894,d5308a064728399d29b2576a0b5e7fa0,876f6b01665444e38b6037c884488e58,,,,,,,,,,,,,,,,
レザーズライダーT2/2[Ou],,212531,212530,4730aea9284467acb2cc398fe63cfe75,d5308a064728399d29b2576a0b5e7fa0,876f6b01665444e38b6037c884488e58,,,,,,,,,,,,,,,,
レザーズライダーT2-V2[Ou],,212540,212540,a38f97fd8bb36d65ba0261ab02e6a668,12e846fc5661b3f8ffd00e0a1d01b238,775644c82bb23aa1cbf19b744cdb7886,,,,,,,,,,,,,,,,
レザーズライダーT2-V2/2[Ou],,212541,212540,e07ea552acb51abc6efe583a603f9238,12e846fc5661b3f8ffd00e0a1d01b238,775644c82bb23aa1cbf19b744cdb7886,,,,,,,,,,,,,,,,
[Unnamed 212560],,212560,212560,,6b2cb9824ac671109cdeb83f0183e36b,46829a803cdc351bf2c05f1546db4f8f,,,,,,,,,,,,,,,,
[Unnamed 212570],,212570,212570,,ae587246c460708c44b8e8f111f33f7c,0fea6b733dc195e94aeb7fc67f26a9ac,,,,,,,,,,,,,,,,
[Unnamed 212590],,212590,212590,,254ae7b6f6b6a92be4a36e01a66a2440,57b34b0c3c825bc3aa1fb0fbadd46f97,,,,,,,,,,,,,,,,
[Unnamed 212650],,212650,212650,,d0ab07982a5b657f7c77a9e2f394ada3,ed72d2fe3f03def4456b9e16f0703710,,,,,,,,,,,,,,,,
[Unnamed 212880],,212880,212880,,8e5e974bbff7665dbb7bbe1b5073134f,35e9bd1c06f569c7ed02a4fb11360927,,,,,,,,,,,,,,,,
[Unnamed 212950],,212950,212950,,,,,,,,,,,,,,,,,,,
[Unnamed 213040],,213040,213040,,794ad86ff545f5c5092d32ec75b4f565,841a89c8a14be8794ae81b7674b7b680,,,,,,,,,,,,,,,,
[Unnamed 213060],,213060,213060,,4e20e6ff6fb5dbd81852fbdde95efd5f,8b241c0e4b7c036297d1452f13e81fe9,,,,,,,,,,,,,,,,
N-ヨシノテフラ/B[Ou],,213150,213150,ca74b99ca3725c50e7e80a1b6a9948c6,0d5dfcc2fc81b7adec62603ab880ec36,6501a13ee5bc38149cc48896b316edd1,,,,,,,,,,,,,,,,
N-ヨシノテフラ/B2[Ou],,213151,213150,9337c56fed1a0ece207d0fd1784e1584,0d5dfcc2fc81b7adec62603ab880ec36,6501a13ee5bc38149cc48896b316edd1,,,,,,,,,,,,,,,,
[Unnamed 213170],,213170,213170,,fab329095ff1947f3f08f5dada00db68,2e17d8a5dce4a8151af703ad776701a5,,,,,,,,,,,,,,,,
[Unnamed 213260],,213260,213260,,81dafaf9fe263ee1dd2477ade392de60,4f85683d0453192faf55d03d070108cb,,,,,,,,,,,,,,,,
[Unnamed 213290],,213290,213290,,296baa4c08457508d2f4a3c8ab7c35b9,e0b59554e016decc17ef0d46066984f5,,,,,,,,,,,,,,,,
[Unnamed 213300],,213300,213300,,,,,,,,,,,,,,,,,,,
[Unnamed 213310],,213310,213310,,1dfce6734ba96a2fb8df6f9aadd73cb4,05039e6a5185a3c46dc76cf6456d8029,,,,,,,,,,,,,,,,
[Unnamed 213320],,213320,213320,,600f5469a3f3eb8625ace33dcc84a783,12b9c904d3c6945cb5c37d6a3a722b13,,,,,,,,,,,,,,,,
フラフィニールバニーT2[Ou],,213340,213340,ac617244a0a3b5acd3f85804e5287279,da46a4b6d5e8abdd9a88662907c1d5c4,ef70221afa3a24aa7845bfbcbf13fa52,,,,,,,,,,,,,,,,
フラフィニールバニーT2/2[Ou],,213341,213340,3be444a3fead3637c26d712e7bbafb07,da46a4b6d5e8abdd9a88662907c1d5c4,ef70221afa3a24aa7845bfbcbf13fa52,,,,,,,,,,,,,,,,
マジスティアマキア/D[Ou],,213430,213430,39b2b8eef246d724d0df42f530ef552b,2173376f2ca4f04ee9012ad36aa17c20,a3a95f65119e3a613dd4665b7f50245e,,,,,,,,,,,,,,,,
フラフィニールバニーT2/B[Ou],,213500,213500,d9d0c9fe8328aae8470dfb7b33b1cbed,35cce31397651ded07a22118b7c948a3,6800252c20f806f048559395e9add990,,,,,,,,,,,,,,,,
フラフィニールバニーT2/B2[Ou],,213501,213500,36bef979408d12f583f82f8e8b09e69c,35cce31397651ded07a22118b7c948a3,6800252c20f806f048559395e9add990,,,,,,,,,,,,,,,,
[Unnamed 213550],,213550,213550,,9aca7224f94a946b94509914cb982460,d6ddfc44e5d61af21cb3fff8733a351d,,,,,,,,,,,,,,,,
[Unnamed 213570],,213570,213570,,09219911db842e02c408b7af672f3f3e,c99f23989910bba7eff8709f28ba46d6,,,,,,,,,,,,,,,,
ダッフェルセイト[Ou],,213590,213590,69291ba9a07b669684ac06ed8e8d4d80,43df48048d02dba13b2e72a5a22c8027,a2341b1790ff9741705edac2f3d98af0,,,,,,,,,,,,,,,,
ダッフェルセイト/2[Ou],,213591,213590,5dc38bb00c69dbd366bc60711f98009f,43df48048d02dba13b2e72a5a22c8027,a2341b1790ff9741705edac2f3d98af0,,,,,,,,,,,,,,,,
ダッフェルセイト/3[Ou],,213592,213590,b8d0156b94fa849548ed4bf0318cae0f,43df48048d02dba13b2e72a5a22c8027,a2341b1790ff9741705edac2f3d98af0,,,,,,,,,,,,,,,,
ダッフェルセイト/4[Ou],,213593,213590,8d041f7cf80452b647ddf811024106d0,43df48048d02dba13b2e72a5a22c8027,a2341b1790ff9741705edac2f3d98af0,,,,,,,,,,,,,,,,
フレイアーウォーミーT2[Ou],,213600,213600,af1677edb9765f815424d118fb4645b8,f1769067c158672ece5feb79826259d1,0ae964486f15916c3dddc20ab7d50924,,,,,,,,,,,,,,,,
フレイアーウォーミーT2/2[Ou],,213601,213600,67ab7e7b415429f4eadfb9dbc5892922,f1769067c158672ece5feb79826259d1,0ae964486f15916c3dddc20ab7d50924,,,,,,,,,,,,,,,,
フレイアーウォーミーT2/3[Ou],,213602,213600,30308ed0d9dd0167ff4f30bf7e78de08,f1769067c158672ece5feb79826259d1,0ae964486f15916c3dddc20ab7d50924,,,,,,,,,,,,,,,,
フレイアーウォーミーT2/4[Ou],,213603,213600,53f9edca5745dd2b0c8d58098e85f8e9,f1769067c158672ece5feb79826259d1,0ae964486f15916c3dddc20ab7d50924,,,,,,,,,,,,,,,,
[Unnamed 213610],,213610,213610,,3a24751fb7be9d5eb7a4b142b5e4920e,9b5827d6ee0c774009d986b39904e0f4,,,,,,,,,,,,,,,,
[Unnamed 213640],,213640,213640,,52c3bdd1bf4e3921123ecb607e42c2db,3d9556a936b38add85b2147198847808,,,,,,,,,,,,,,,,
[Unnamed 213650],,213650,213650,,cc062250d183b8aa1ec2f6a309720b4a,fc0b58967d3adc878d7278a8a2291b25,,,,,,,,,,,,,,,,
[Unnamed 213680],,213680,213680,,e2f3702c5c773e72fd6752225f9f8d50,c36f7797e1a80d011d2bb981cec48c7e,,,,,,,,,,,,,,,,
[Unnamed 213700],,213700,213700,,70312381a53c8771ccf0bf175c280ea8,e85aca783eb5956b264e215dae1deb5d,,,,,,,,,,,,,,,,
[Unnamed 213720],,213720,213720,,0e4362ec43f87c75f311cfebd8c0af36,c8c6501d913ee2e46364dbad30ea9989,,,,,,,,,,,,,,,,
[Unnamed 213880],,213880,213880,,68a4e3c5eee47ad8a762398a1fd04ff4,a039a3b793c502e7071458bf44d06c57,,,,,,,,,,,,,,,,
ファヴールセーターT2[Ou],,213920,213920,71d1d05289476736cf6d8cea6944ff73,ae72218eadbc828a31adbd448920e982,1fb9d810a36a8e860a306795b80c7f94,,,,,,,,,,,,,,,,
ファヴールセーターT2/2[Ou],,213921,213920,541cb86ba388c133a8ff56dbd0a534fb,ae72218eadbc828a31adbd448920e982,1fb9d810a36a8e860a306795b80c7f94,,,,,,,,,,,,,,,,
[Unnamed 213930],,213930,213930,,ad8627cb1b11c1f8c4547a4c46d4875b,99c0c320ed07f24e7a099b374a08c74d,,,,,,,,,,,,,,,,
[Unnamed 213960],,213960,213960,,da60b1cb1f8bc8c53ba0ce60fcc6060a,5786817f22dd2b4768a0855c847970a5,,,,,,,,,,,,,,,,
[Unnamed 213980],,213980,213980,,273940e8e71da416fc180aa0a4340232,40ddfa73035d4da58d033105b4e79679,,,,,,,,,,,,,,,,
[Unnamed 214010],,214010,214010,,0a012527d83e348d0e18e37e143177f0,78d2443f12393106c63291543d990a67,,,,,,,,,,,,,,,,
ヴィンターシュプールT2/B[Ou],,214080,214080,2c06fcf0c154bfaf96b5a61014e34512,2900a5b066deb7e3e5325f991a8c98ce,930c362ef23fdf691ead3b78e505a5c6,,,,,,,,,,,,,,,,
ヴィンターシュプールT2-V2/B[Ou],,214090,214090,512c7ae7885b2bd8f2ea4e748f65b69b,3043e5b945836d9a47782cb32f51f94b,677b766a795cc77c4b163967787b4ac7,,,,,,,,,,,,,,,,
[Unnamed 214150],,214150,214150,,a82092725596c10d68176c9af925f7d9,275ff247a27074518b7df5ea24a80c4e,,,,,,,,,,,,,,,,
[Unnamed 214170],,214170,214170,,,78d8a2bc9b162305ee0a40d4effc93c3,,,,,,,,,,,,,,,,
[Unnamed 214210],,214210,214210,,0d046f5cc083608ae1aaccb332df66af,bad059c907f95eebfd6be6b9940ccf69,,,,,,,,,,,,,,,,
ファヴールセーターT2/B[Ou],,214310,214310,e94188ad0009d5a414e8e2a95248d19b,803c9508f4b934c098e575b908ea3549,cef77dac03722ae7e0a81eb7ce11e666,,,,,,,,,,,,,,,,
ファヴールセーターT2/B2[Ou],,214311,214310,39f502c6fe8e7537a0a42fb851890fbb,803c9508f4b934c098e575b908ea3549,cef77dac03722ae7e0a81eb7ce11e666,,,,,,,,,,,,,,,,
[Unnamed 214380],,214380,214380,,,,,,,,,,,,,,,,,,,
[Unnamed 214890],,214890,214890,,,,,,,,,,,,,,,,,,,
メディコートT2[Ou],,214900,214900,0e0b8034d3b120f5f2e6d2632a5155cb,d9c59e7b18ff68b90a9b6fef40a13814,e7458612afbb87d76f7022bebbe02dc1,,,,,,,,,,,,,,,,
メディコートT2/2[Ou],,214901,214900,fb61e5de1fe026e58cb871cc69b2e0c3,d9c59e7b18ff68b90a9b6fef40a13814,e7458612afbb87d76f7022bebbe02dc1,,,,,,,,,,,,,,,,
メディコートT2-V2[Ou],,214910,214910,68879194d302f87b12ea6d1dd566c937,56037fee018a6c6ec6d26c993c5d9656,ee94a42162ab02b5cdfe87bea55c57f0,,,,,,,,,,,,,,,,
メディコートT2-V2/2[Ou],,214911,214910,1ca90b586cea44de278956c994caaf65,56037fee018a6c6ec6d26c993c5d9656,ee94a42162ab02b5cdfe87bea55c57f0,,,,,,,,,,,,,,,,
モードヴァンカT2[Ou],,214950,214950,61a35ba1f731c80b7cdf06adc66e8f1d,c5951efe79c6ae82ee1ebb8120ab5f9a,1e7b52c47e57590376c847bb28ff30ae,,,,,,,,,,,,,,,,
モードヴァンカT2/2[Ou],,214951,214950,fea1ebf906eee3ca17038ad90aaea37b,c5951efe79c6ae82ee1ebb8120ab5f9a,1e7b52c47e57590376c847bb28ff30ae,,,,,,,,,,,,,,,,
[Unnamed 214980],,214980,214980,,0d546b3873cdaf317e5190a879e2c172,5bc727fdac3488240549e52dd8c87c8f,,,,,,,,,,,,,,,,
[Unnamed 215000],,215000,215000,,2f9ee94e0e922a2b93cfb9426c1cbb12,dcf187f9d458f23fea19ad3e4bdca0d6,,,,,,,,,,,,,,,,
[Unnamed 215050],,215050,215050,,cbe81f308ab75e221f30f9c20cd5877c,9a53fd1f23648b445c1e0ebe001ae93d,,,,,,,,,,,,,,,,
[Unnamed 215090],,215090,215090,,7729e79adc118622148792658907daf6,bb3488f37e851445c292f191bfc716db,,,,,,,,,,,,,,,,
[Unnamed 215140],,215140,215140,,627046d8a3309a3e936da83200fe0c9e,9a5b5687e49561acdbd2ef2ceca55792,,,,,,,,,,,,,,,,
[Unnamed 215270],,215270,215270,,01de93863ef380a8649f00b1594c8314,,,,,,,,,,,,,,,,,
N-フォージドレス/B[Ou],,215320,215320,9019ec2820e84e250dc3e38cd3e98990,aa861691909226760a9da9282b241965,f7a204d74960111108d165b696c98555,,,,,,,,,,,,,,,,
[Unnamed 215400],,215400,215400,,36b442d6d55eb22d02020e16cb86e8e5,fc3b91398eb6fd37ee4721568afef20e,,,,,,,,,,,,,,,,
[Unnamed 215450],,215450,215450,,8cf50d74fd7d80f4226d33d7b281029e,89d6960cb452e4b7684727ed04c3dacc,,,,,,,,,,,,,,,,
[Unnamed 215460],,215460,215460,,f49456d97b182cad5fa2a41ae3e9b861,9a9e08df73af1aa2735e190e096cb9bc,,,,,,,,,,,,,,,,
[Unnamed 215490],,215490,215490,,b4fb80c5656b9d51c671a65c54e2e182,45683b7a8b2133180147a53f5efbdb8b,,,,,,,,,,,,,,,,
[Unnamed 215500],,215500,215500,,4d3894b54ccabd89e19bfb6dbf30be4e,2b56806ab97aadcd166293c29df88f03,,,,,,,,,,,,,,,,
[Unnamed 215510],,215510,215510,,a481a7ebb261f05e692e76a3df6df69e,1d0556050bbe370ef0ae32958ef4c4bc,,,,,,,,,,,,,,,,
サイザーシルエッタ/D[Ou],,215520,215520,e33d639289405a352aecb3f89c2dfe3c,6000929b65721a99a893f334965cf99a,1d7dec726c39b2b8c58adbd6aeeea9d0,,,,,,,,,,,,,,,,
[Unnamed 215570],,215570,215570,,2733e0e32cb61dd76baf0471b7bab320,75b3b0babd8f61345ac2f1563d96b35d,,,,,,,,,,,,,,,,
[Unnamed 215660],,215660,215660,,eb684ca7c419dcaf766d759b5873c68a,c1ee586de00eae6567d0d8a1a992ff4a,,,,,,,,,,,,,,,,
[Unnamed 215690],,215690,215690,,f9a35b9f79877f074c5940ca74453c1f,3c6e41967b7f947dd90bbfd50581335e,,,,,,,,,,,,,,,,
ショートパーカーT2[Ou],,215720,215720,8cd1d5a8a34ad000fbb895a26d954687,3627a8a0e4197678d58886837b8de263,05e0c0f4372fbb6a9eaf7efb729819b9,,,,,,,,,,,,,,,,
ショートパーカーT2/2[Ou],,215721,215720,7df07bb1d11a207e9ae55b057c2d8a22,3627a8a0e4197678d58886837b8de263,05e0c0f4372fbb6a9eaf7efb729819b9,,,,,,,,,,,,,,,,
ショートパーカーT2/3[Ou],,215722,215720,5902fae4c98bdb7e5dadffc85fe33be1,3627a8a0e4197678d58886837b8de263,05e0c0f4372fbb6a9eaf7efb729819b9,,,,,,,,,,,,,,,,
ショートパーカーT2/4[Ou],,215723,215720,a22fc007b59150ff81fadf067e5d97fd,3627a8a0e4197678d58886837b8de263,05e0c0f4372fbb6a9eaf7efb729819b9,,,,,,,,,,,,,,,,
N-シバ戦闘衣T2[Ou],,215730,215730,d987c8d00ce14cc40e97799ea216581a,b4578b1afd1a4fd6e152cf48f8ee39e2,379fabbb201ec5f83927321957f01b25,,,,,,,,,,,,,,,,
[Unnamed 215760],,215760,215760,,b7ea8ae82daf94df6fa8758768f586e4,3c54e5f296eb9c91db21ae08543c3854,,,,,,,,,,,,,,,,
メルファンケープT2[Ou],,215780,215780,0f60a48bab33517448c26dddfcdd628b,7689b70b8f34c30c0aaf27b64decbaaa,a97892ebc2e03ddb4e72d05d068a284e,,,,,,,,,,,,,,,,
メルファンケープT2/2[Ou],,215781,215780,87ffd9f5afe39d3bd7b26611a5860d1d,7689b70b8f34c30c0aaf27b64decbaaa,a97892ebc2e03ddb4e72d05d068a284e,,,,,,,,,,,,,,,,
メルファンケープT2/3[Ou],,215782,215780,1e6cec4c00c9e1d172fb2d5fdbcac915,7689b70b8f34c30c0aaf27b64decbaaa,a97892ebc2e03ddb4e72d05d068a284e,,,,,,,,,,,,,,,,
メルファンケープT2/4[Ou],,215783,215780,44849aa41b9ead2b20d349d5ab49087c,7689b70b8f34c30c0aaf27b64decbaaa,a97892ebc2e03ddb4e72d05d068a284e,,,,,,,,,,,,,,,,
ティーエンメイシーT2[Ou],,215810,215810,f7b50b0b71b6738cfc3534d09e129c03,04740f6cc3cc8e58c60d7f76954ba74f,482bd38c1af8c723a70466ddc621402f,,,,,,,,,,,,,,,,
ティーエンメイシーT2/2[Ou],,215811,215810,3fde90a35be5e33159bb94749f07033e,04740f6cc3cc8e58c60d7f76954ba74f,482bd38c1af8c723a70466ddc621402f,,,,,,,,,,,,,,,,
ティーエンメイシーT2/3[Ou],,215812,215810,f87b2fda6efa5759f52af29d42508efa,04740f6cc3cc8e58c60d7f76954ba74f,482bd38c1af8c723a70466ddc621402f,,,,,,,,,,,,,,,,
ティーエンメイシーT2/4[Ou],,215813,215810,c41eeac224d28a5aa1cc5b59169b238f,04740f6cc3cc8e58c60d7f76954ba74f,482bd38c1af8c723a70466ddc621402f,,,,,,,,,,,,,,,,
[Unnamed 215920],,215920,215920,,6a0fee791ba25bd46ff8dd8eef47340c,773446aba77103f76cd54243f8f4f39b,,,,,,,,,,,,,,,,
モードヴァンカT2/B[Ou],,215970,215970,1742d0e8c2dd65bf4f882828554feaa5,a34e37162b61da18a90ae26ddc2589f1,299fda6a55887c90849bca07576410cd,,,,,,,,,,,,,,,,
モードヴァンカT2/B2[Ou],,215971,215970,6127e73e5485adf6b47160218518e5b0,a34e37162b61da18a90ae26ddc2589f1,299fda6a55887c90849bca07576410cd,,,,,,,,,,,,,,,,
[Unnamed 216070],,216070,216070,,7e14e1b92fd2dc41fa88bf9c2eec87e1,ad8a2a17298685a7cb9084e032eefcdb,,,,,,,,,,,,,,,,
[Unnamed 216080],,216080,216080,,65573f5820a4af9ded048e1e54b39665,bc07ea670e23a1e6d1a363a5f63c6477,,,,,,,,,,,,,,,,
[Unnamed 216090],,216090,216090,,a0969e104c5993dc82f0fbde9a9e334e,991052c07c82ca69692a56f8fc0a3903,,,,,,,,,,,,,,,,
ユミアの服T2[Ou],,216140,216140,0af1bfc7d705765c8fb6a092a7cb1e7e,a92053a3a97454ce11e6167b14278e66,488bd1323d624cc26bb6088a15db9684,,,,,,,,,,,,,,,,
ユミアの服T2/2[Ou],,216141,216140,dcbb3ddd6a54e7305ebc91816b5bdd25,a92053a3a97454ce11e6167b14278e66,488bd1323d624cc26bb6088a15db9684,,,,,,,,,,,,,,,,
[Unnamed 216150],,216150,216150,,7706955cf4c0b8eac61de686d7280bee,5e95396b32f12f140d0be42077320325,,,,,,,,,,,,,,,,
[Unnamed 216160],,216160,216160,,0fa38796609cbdb6bcc735e5fa42e208,5009d2e3dc512da90a97b4b2dbe4d5e6,,,,,,,,,,,,,,,,
[Unnamed 216200],,216200,216200,,83f9543cdfb39034050a4ca1c81ed875,c71b1b507dabe603a64aad367a4b67ec,,,,,,,,,,,,,,,,
ヤクシニライカ/D[Ou],,216240,216240,7996c7ffe0e8d994b4ea228f27aabf1e,0d63225249156b31e0015f09626de2fa,f557de65598216040c130d0a8033b246,,,,,,,,,,,,,,,,
[Unnamed 216310],,216310,216310,,b7bb0c416c695698ba1394895d728907,b778a660fac59c3313f419589f8c0d1a,,,,,,,,,,,,,,,,
[Unnamed 216330],,216330,216330,,74d7906bb84a9c69007317b64fa914c4,966ca342164a3226f1ebc6996b69eb8c,,,,,,,,,,,,,,,,
[Unnamed 216340],,216340,216340,,a2e0f1095f0c6e31bdd5748cbc9d8264,9e5ad84add0f32a6fd751d1db09ddf29,,,,,,,,,,,,,,,,
[Unnamed 216390],,216390,216390,,45b4ce38129e544eca9a58a99e7accbf,3183f681b0714b2ff50392d9e8171d4f,,,,,,,,,,,,,,,,
ショートファーコートT2[Ou],,216480,216480,6d4e4089e251ead78dc1ca9d0792dc84,3b34b0c1e083186c05b01fa83fe3fc1b,295dc20a20f74adda150da23736870a5,,,,,,,,,,,,,,,,
ショートファーコートT2/2[Ou],,216481,216480,b179e838891ab004f47cdf3697af54d6,3b34b0c1e083186c05b01fa83fe3fc1b,295dc20a20f74adda150da23736870a5,,,,,,,,,,,,,,,,
ショートファーコートT2/3[Ou],,216482,216480,d430030eb32dbead0440b7b1b423c3c8,3b34b0c1e083186c05b01fa83fe3fc1b,295dc20a20f74adda150da23736870a5,,,,,,,,,,,,,,,,
ショートファーコートT2/4[Ou],,216483,216480,328fba4935d8fe84b42d1f1833253abc,3b34b0c1e083186c05b01fa83fe3fc1b,295dc20a20f74adda150da23736870a5,,,,,,,,,,,,,,,,
シャペロージュT2[Ou],,216500,216500,e32f45883e3877ee389a2c7e746cff6b,6aaede326aa0cf9608a77667cca0f584,99123daa31a27d45fd7bc416ffa32896,,,,,,,,,,,,,,,,
シャペロージュT2/2[Ou],,216501,216500,f14c8a39e898a6bac61c287924980446,6aaede326aa0cf9608a77667cca0f584,99123daa31a27d45fd7bc416ffa32896,,,,,,,,,,,,,,,,
[Unnamed 216510],,216510,216510,,68c4ef27dbb6b7eb2742da8b87233a41,61dc93a21d60d872f9f12e51cdde491e,,,,,,,,,,,,,,,,
[Unnamed 216540],,216540,216540,,,,,,,,,,,,,,,,,,,
[Unnamed 216549],,216549,216549,,,,,,,,,,,,,,,,,,,
ホルシード水着T2[Ou],,216570,216570,e639ba2973389ec6a95a9bd7ea9cf83a,d16d92ff94de46375dd95eb10ce0271e,f0a4891a62e2b368dffa78f2a55db39c,,,,,,,,,,,,,,,,
ホルシード水着T2/2[Ou],,216571,216570,67cad01855db9ce9f6b165f017932856,d16d92ff94de46375dd95eb10ce0271e,f0a4891a62e2b368dffa78f2a55db39c,,,,,,,,,,,,,,,,
ブルーノ水着T2[Ou],,216580,216580,5acc49ff3d7a3da9a3c8fbffc1aedebb,1b9f1bd093a71b4cbd600bb28f52b1f3,981993aa62fa1b4f6cc0ee5b3ac62d16,,,,,,,,,,,,,,,,
ブルーノ水着T2/2[Ou],,216581,216580,807ef0bee53e743802cff5b6e8001a9e,1b9f1bd093a71b4cbd600bb28f52b1f3,981993aa62fa1b4f6cc0ee5b3ac62d16,,,,,,,,,,,,,,,,
[Unnamed 216600],,216600,216600,,13c0193bc411068910e4e36f58bf8d67,5a224106a40aeadda441f7f4f7abc142,,,,,,,,,,,,,,,,
[Unnamed 216620],,216620,216620,,ece30d8dbb2738b56c1d05ad7da69e55,98f49ec41cb4f3c2825d86aa040b93f6,,,,,,,,,,,,,,,,
[Unnamed 216650],,216650,216650,,607012851234be95135d1a9c45527180,6616189fe83b177edb7655d044be9361,,,,,,,,,,,,,,,,
ショートダウンジャケットT2[Ou],,216810,216810,5f135c55e5ebb513260b157cc5bed845,cb103e707dde03a8d2edbe02e31ade70,fe40041cd7c9bd4f8090cc74843b9dc5,,,,,,,,,,,,,,,,
ショートダウンジャケットT2/2[Ou],,216811,216810,f3d19355c9dae2a0b8b53b17c6c5e070,cb103e707dde03a8d2edbe02e31ade70,fe40041cd7c9bd4f8090cc74843b9dc5,,,,,,,,,,,,,,,,
ショートダウンジャケットT2/3[Ou],,216812,216810,972412c2ddfb73a895ade8380031c43d,cb103e707dde03a8d2edbe02e31ade70,fe40041cd7c9bd4f8090cc74843b9dc5,,,,,,,,,,,,,,,,
ショートダウンジャケットT2/4[Ou],,216813,216810,7c55241a33860e270bae9379c653d476,cb103e707dde03a8d2edbe02e31ade70,fe40041cd7c9bd4f8090cc74843b9dc5,,,,,,,,,,,,,,,,
ユミアの服T2/B[Ou],,217010,217010,23f4430afeb7cc519fe502b2369dde6b,35f9d5d5c0c3e3a86e17b3d0173b721e,f095a22c99d1b8c719b6044b9f07f279,,,,,,,,,,,,,,,,
ユミアの服T2/B2[Ou],,217011,217010,a81ed788cd1e393dfbb5b0a4eada2b24,35f9d5d5c0c3e3a86e17b3d0173b721e,f095a22c99d1b8c719b6044b9f07f279,,,,,,,,,,,,,,,,
[Unnamed 217040],,217040,217040,,6b8a981604026e10062d96db7957ea61,f1f0675bd5bc81fc67994a6fecfc0ce3,,,,,,,,,,,,,,,,
[Unnamed 217060],,217060,217060,,f2decacf4fa7a1ea014eb69067073510,f1d985b56aa8dded6bb9020d67f83697,,,,,,,,,,,,,,,,
[Unnamed 217070],,217070,217070,,efc1727945bd3ae7a50a8ae448ba26c0,1c67f67509c60f9078e2ce51026140f3,,,,,,,,,,,,,,,,
[Unnamed 217080],,217080,217080,,2c3ef559977f107b1f6b06e582f9b22b,59543680d872c6983b079bacfaf05d56,,,,,,,,,,,,,,,,
シャペロージュT2/B[Ou],,217100,217100,2d2fd6ff8c2f981c455796afada38589,9ee939dc4a2933386efc0a41c0fbe243,86a4db2814bdad17453181c96fa9d850,,,,,,,,,,,,,,,,
シャペロージュT2/B2[Ou],,217101,217100,34aa9820bfd883ecada817a96acb6573,9ee939dc4a2933386efc0a41c0fbe243,86a4db2814bdad17453181c96fa9d850,,,,,,,,,,,,,,,,
[Unnamed 217300],,217300,217300,,e9872f53820f2f8e5ae71e1ddd4f6659,ed84b8b83c074d92a3ddc707b874d5b8,,,,,,,,,,,,,,,,
[Unnamed 217320],,217320,217320,,65464784b33179d6192dad001ae476d5,2cc3036b7625ec415d6a5ecf5294d7e2,,,,,,,,,,,,,,,,
[Unnamed 217370],,217370,217370,,903159495432358594a5128137ded192,df34f419d81af28908f0d97b3505c888,,,,,,,,,,,,,,,,
[Unnamed 217410],,217410,217410,,0aca4b70c320015a5c584987c78ce593,ba1f8ab655ce662ea13db08561525a3a,,,,,,,,,,,,,,,,
ホルシード水着T2/B[Ou],,217590,217590,9eef57ec2ee0891e0d6315e8e40fa4a7,54ff76d00849621940e68b421bbcce3c,6f0db5a3845365eb81dfb7fc84e0ee83,,,,,,,,,,,,,,,,
ホルシード水着T2/B2[Ou],,217591,217590,a87d6d1139ad365168692fdd2d5e0706,54ff76d00849621940e68b421bbcce3c,6f0db5a3845365eb81dfb7fc84e0ee83,,,,,,,,,,,,,,,,
ブルーノ水着T2/B[Ou],,217610,217610,af7b02f298a8425474b189571fd90dcf,8940dcbd25396e67e0931e97291d1dcd,497a42c12698f1b7cbba4e0b48f14ca0,,,,,,,,,,,,,,,,
ブルーノ水着T2/B2[Ou],,217611,217610,fb981c2cd6ca3c4367d88bc4047f0e4e,8940dcbd25396e67e0931e97291d1dcd,497a42c12698f1b7cbba4e0b48f14ca0,,,,,,,,,,,,,,,,
[Unnamed 217690],,217690,217690,,061f73e2a9ef3f0c2d988961a5898152,486d70e8534d98762d3aa572c2a3a837,,,,,,,,,,,,,,,,
[Unnamed 217700],,217700,217700,,d29425d4794ec5c158d2c0ec582e1b33,a17b1f1a9541be76cf2d98819d4dcfce,,,,,,,,,,,,,,,,
[Unnamed 217710],,217710,217710,,,,,,,,,,,,,,,,,,,
[Unnamed 217940],,217940,217940,,93957f239a874638048bdecfedef25e9,32958311fd79f6ab453367392c5e47d6,,,,,,,,,,,,,,,,
[Unnamed 299901],,299901,299901,,6efead10ff78f5cf419b6fbbb28d90b6,2d6ea6d68b0ae34df89034b9de444b1b,,,,,,,,,,,,,,,,
[Unnamed 299902],,299902,299902,,b2d86fe4566ad5a106ad587ee0b9f025,,,,,,,,,,,,,,,,,
[Unnamed 299903],,299903,299903,,,,,,,,,,,,,,,,,,,
[Unnamed 299904],,299904,299904,,93af14ce9bc678d4d66d3fd40d313b4f,,,,,,,,,,,,,,,,,
[Unnamed 299905],,299905,299905,,febe778428d765dfb0ac37e88cd98c43,65963091b1a1fd8b5f0ee48919838b84,,,,,,,,,,,,,,,,
[Unnamed 299906],,299906,299906,,670a82fdc279d932081edb2c4cb4a698,85ced39323a715219a99de9a50068540,,,,,,,,,,,,,,,,
[Unnamed 299907],,299907,299907,,,,,,,,,,,,,,,,,,,
[Unnamed 299908],,299908,299908,,,,,,,,,,,,,,,,,,,
[Unnamed 299910],,299910,299910,,,,,,,,,,,,,,,,,,,
[Unnamed 299918],,299918,299918,,,,,,,,,,,,,,,,,,,
[Unnamed 299921],,299921,299921,,,,,,,,,,,,,,,,,,,
[Unnamed 299923],,299923,299923,,,,,,,,,,,,,,,,,,,
