にゃんたしーすたールーシア/永瀬 アンナ,Nyantasy Star Lucia,f5abe4569d2507a64d82c4e814afeb48
五十嵐梨花,Igarashi Rika,ce668a62a0c63476adaefa1fd730fc49
倉持めると,Kuramochi Meruto,6be3f177cf6059adb87f9716bdbca174
ソフィア・ヴァレンタイン,Sophia Valentine,bf1d67280e016f0d24597307fc97e1b7
狂蘭 メロコ,Meloco Kyoran,09adf4c53349767afedcc770ea8ed92b
ずんだもん/伊藤 ゆいな,Zundamon,060e68b6cd22fd9e209a0dc26ddb00ee
ずんだもんB/伊藤 ゆいな,Zundamon B,d530642f813e1251de897d9abcd4b396
にゃんたしーすたールーシア/永瀬 アンナ,Nyantasy Star Lucia,678bcdf04ec5a9b0ec79a4e81dedd939
五十嵐梨花,Igarashi Rika,3241d89513d3ef0f4f540945d14086e3
倉持めると,Kuramochi Meruto,f9766326b0de06b45f2a36ee92625a5e
ソフィア・ヴァレンタイン,Sophia Valentine,24dedc4b944b1ad41b9409e2d2017b06
狂蘭 メロコ,Meloco Kyoran,9e086a19842c4a04e979fd24885754da
ずんだもん/伊藤 ゆいな,Zundamon,5c281d2f67638acfa1e4608c161ae90d
ずんだもんB/伊藤 ゆいな,Zundamon B,7064c4fa61f6d8a641bec8c7a64d7b93
