stage/sn_5002/navmesh/ln_5002_nav_0000.ice,e5\a3f5cb96f4d6aca2b66e2c188760ee
stage/sn_5002/navmesh/ln_5002_nav_0004.ice,af\3ff7307c706d8769e3683275a34d97
stage/sn_5002/navmesh/ln_5002_nav_0008.ice,dd\a6d49c3f47fb1daf0da4f377ee70de
stage/sn_5002/navmesh/ln_5002_nav_0012.ice,de\c75d1ca55f134d3f0eaad4443dc7a6
stage/sn_5002/navmesh/ln_5002_nav_0016.ice,c9\400d3af64679649dfccc6885cb9d1b
stage/sn_5002/navmesh/ln_5002_nav_0020.ice,e0\ef92f84cbded3dcb706decbc2b54a4
stage/sn_5002/navmesh/ln_5002_nav_0024.ice,01\9528d8a69af21266f4cbd21433de4c
stage/sn_5002/navmesh/ln_5002_nav_0028.ice,46\f61334b5788c20678237bfb8e4d3e7
stage/sn_5002/navmesh/ln_5002_nav_0032.ice,a9\e0266c52b37ba52dac6f1fec7028fc
stage/sn_5002/navmesh/ln_5002_nav_0036.ice,6e\ba0196469624ed7c7326e51a950b9b
stage/sn_5002/navmesh/ln_5002_nav_0400.ice,c8\0224ae970cd3c791f6e89a1af5cde1
stage/sn_5002/navmesh/ln_5002_nav_0404.ice,8b\f2ce24be1baa9423995a6f58cc3ba9
stage/sn_5002/navmesh/ln_5002_nav_0408.ice,5d\f6ed5f64588be014a0379f0bf2b372
stage/sn_5002/navmesh/ln_5002_nav_0412.ice,f8\945c26416a45d545bdab6132455090
stage/sn_5002/navmesh/ln_5002_nav_0416.ice,57\30fcea49387ec2cd92cadeba8aec7e
stage/sn_5002/navmesh/ln_5002_nav_0420.ice,2e\3c444a56c269ce50f9971717040ec8
stage/sn_5002/navmesh/ln_5002_nav_0424.ice,1a\06cc9fca107fa4b63450e06fe18e02
stage/sn_5002/navmesh/ln_5002_nav_0428.ice,62\1847d2083cc5fca0a4f494abd14c26
stage/sn_5002/navmesh/ln_5002_nav_0432.ice,11\1ec2727ab84d4b8e01007f31be8de1
stage/sn_5002/navmesh/ln_5002_nav_0436.ice,f8\73e9408e06338f5ed0ffb92e960df1
stage/sn_5002/navmesh/ln_5002_nav_0800.ice,35\ffe06bf264a440ab94a17a8d2bc4fe
stage/sn_5002/navmesh/ln_5002_nav_0804.ice,e3\4f171dd933c686b7af845781710d0f
stage/sn_5002/navmesh/ln_5002_nav_0808.ice,e0\888a1332f0b0290e84484801589220
stage/sn_5002/navmesh/ln_5002_nav_0812.ice,5b\adcb049821ebd91809bc9ec5e2c817
stage/sn_5002/navmesh/ln_5002_nav_0816.ice,b0\cb74e0cb05c53a51cbe01bba5be978
stage/sn_5002/navmesh/ln_5002_nav_0820.ice,0f\c8d8cf4feb2931f4013607605947c3
stage/sn_5002/navmesh/ln_5002_nav_0824.ice,e2\8c437722d23d345cc5c5792f9c0f56
stage/sn_5002/navmesh/ln_5002_nav_0828.ice,16\755c66ce990bb3305d904b91a2545f
stage/sn_5002/navmesh/ln_5002_nav_0832.ice,e6\8db2685ab92cc3c043bf50d69a6ffe
stage/sn_5002/navmesh/ln_5002_nav_0836.ice,c4\103129313a76d605a080d72fcb9249
stage/sn_5002/navmesh/ln_5002_nav_common.ice,31\e120f182d03178d3119db4193b9074
