stage/sn_0311/ln_0311_g0_00.ice,5a6455e41471ce30b1a0c655ae56faa3
stage/sn_0311/ln_0311_g1_00.ice,7faee2f5aac88b824233663cbf99ea66
stage/sn_0311/ln_0311_i0_00.ice,643604721922da8fcbd715eddc7259e4
stage/sn_0311/ln_0311_i0_01.ice,ad5165a41205dc86e1a95a58b96c8111
stage/sn_0311/ln_0311_i0_02.ice,168b7f71776667a3b90239bb7e8c6ee8
stage/sn_0311/ln_0311_i0_03.ice,3ca069eb4ac7b6f5739a61a3e753e79f
stage/sn_0311/ln_0311_l0_00.ice,67d28614228a9963463ae6997bb9584e
stage/sn_0311/ln_0311_l0_01.ice,8b33f40ab8c4c74016cb5b741dd0f7ac
stage/sn_0311/ln_0311_l0_02.ice,b987f624392a3a1299f8a4f521da830b
stage/sn_0311/ln_0311_n0_00.ice,40401852497ec18c620b9a242bc303c6
stage/sn_0311/ln_0311_n0_01.ice,ff3b8a29534354b96d86c212d3fbb632
stage/sn_0311/ln_0311_n0_02.ice,da70e1084fef037f6c5277a1c308a090
stage/sn_0311/ln_0311_q0_80.ice,67e85af12a51616cce625416ff95cc59
stage/sn_0311/ln_0311_q5_80.ice,9f4027b8b13ae62200e1cbb83625618b
stage/sn_0311/ln_0311_q5_81.ice,266e14024c9c4d22a0e90c6027387571
stage/sn_0311/ln_0311_s0_00.ice,a881511bbfcf7d6947e36042a451add8
stage/sn_0311/ln_0311_s1_00.ice,b42a7404e9e54ac1ea834be2dbc9bb09
stage/sn_0311/ln_0311_t0_00.ice,37ece4f83e3691192a80752cfa1a85ab
stage/sn_0311/ln_0311_t0_01.ice,34add0fc526ca074b5126b6acf9eec21
stage/sn_0311/ln_0311_x0_00.ice,05d583ed84e9ee43f81c2eb1dd73a76c
stage/sn_0311/ln_0311_x0_01.ice,97c7f78b8dde12ec56be1f3aaed9516f
stage/sn_0311/ln_0311_common.ice,bf9f6614d30572363a2d902e683eaea8
stage/sn_0311/ln_0311_common_ex.ice,2a79d7e872bda7b83e3c613648cf1714
stage/sn_0311/ln_0311_epgd.ice,f3d81e64b84ca7e26c6150ffd8d5ce79
stage/sn_0311/ln_0311_ex.ice,30261b47dda77f6175fc4543359f3763
stage/weather/ln_0311_wtr.ice,a5f464f5da3fe6c11cb898b663f6b2cd
