stage/sn_0810/ln_0810_ec_00.ice,538c0ba5831d3383bfe80ea872336232
stage/sn_0810/ln_0810_ec_00_pgd.ice,87de2be896f0c306cf6ab0a2a2bf50fd
stage/sn_0810/ln_0810_ee_00.ice,ce249947f38528c7804685488456795d
stage/sn_0810/ln_0810_ee_00_pgd.ice,fd82a0f473cddfbedfdc82e2fe5d6525
stage/sn_0810/ln_0810_eg_00.ice,65cb8b8764e3d6233411c4888e8a73a7
stage/sn_0810/ln_0810_eg_00_pgd.ice,b1c7d27d387d1cec9f5b8d8d53d2e756
stage/sn_0810/ln_0810_ei_00.ice,c7738232ab87c7beacec1274f933386f
stage/sn_0810/ln_0810_ei_00_pgd.ice,1606767115d1d630df441214be95d914
stage/sn_0810/ln_0810_el_00.ice,58d01fd3e40b524993696cfba114fe2c
stage/sn_0810/ln_0810_el_00_pgd.ice,54d5a3e156cf215b94e00d4d73b90a4d
stage/sn_0810/ln_0810_en_00.ice,c62590c3df11b0264d33ff7b455479ae
stage/sn_0810/ln_0810_en_00_pgd.ice,7b0d320f80c2d61bd6649dd54244f7f6
stage/sn_0810/ln_0810_er_00.ice,52674660c842c9eb92e9a9ba8c7b4619
stage/sn_0810/ln_0810_er_00_pgd.ice,8ac03170487ab9acd757ede60b7ff88f
stage/sn_0810/ln_0810_es_00.ice,718eeb2ba12ada5b104ff93bede989e6
stage/sn_0810/ln_0810_es_00_pgd.ice,4bc65296e0517303d6a567f22759e0a3
stage/sn_0810/ln_0810_et_00.ice,24091077b9d476f37d2e175bdcbb72e9
stage/sn_0810/ln_0810_et_00_pgd.ice,b8fc9851accf8afcf77bc6c126d3a39c
stage/sn_0810/ln_0810_i0_00.ice,47c5bf88aad2f0668876578b8aef7744
stage/sn_0810/ln_0810_i0_00_pgd.ice,3053b9a803e60ef0d3346695f92a51c4
stage/sn_0810/ln_0810_i0_01.ice,cc61ce5aa0568bce3db204b4a74a20ad
stage/sn_0810/ln_0810_i0_01_pgd.ice,c9d8fb3f47ba9f8d5424a17cb4e0450e
stage/sn_0810/ln_0810_l0_00.ice,08b7a001d2f958d8152aa619bda16fd8
stage/sn_0810/ln_0810_l0_00_pgd.ice,fcaefdc75da68deee1e2c893848f154d
stage/sn_0810/ln_0810_l0_01.ice,2fb6df8d5f8983b59ab294ced45bee8a
stage/sn_0810/ln_0810_l0_01_pgd.ice,bee0ff72fd771b3b5ab03efdde1f079e
stage/sn_0810/ln_0810_n0_00.ice,62ece6cf9651e212756f2168c0efdfc7
stage/sn_0810/ln_0810_n0_00_pgd.ice,25fed4ed6f315e91409ca81b46406594
stage/sn_0810/ln_0810_n0_01.ice,7b4225e227f6edb70f5f275bead6376e
stage/sn_0810/ln_0810_n0_01_pgd.ice,3a72a205e5b57817d0ed11cf30092934
stage/sn_0810/ln_0810_q0_80.ice,fdc43d51bc34fe26d61792da847a15fd
stage/sn_0810/ln_0810_q0_80_pgd.ice,f2d596f94e3b625eea833767e47c5a38
stage/sn_0810/ln_0810_q3_80.ice,2b5cdbb86d821260416a252c03892986
stage/sn_0810/ln_0810_q3_80_pgd.ice,cf25c77165479d13fe677698109ad06e
stage/sn_0810/ln_0810_q6_80.ice,eaec24578d15a9f83b3316ec18c5833e
stage/sn_0810/ln_0810_q6_80_pgd.ice,aeb420095dd3c743de7082ccb723cd5f
stage/sn_0810/ln_0810_t0_00.ice,a5de54db63347867d4a991fa12e45157
stage/sn_0810/ln_0810_t0_00_pgd.ice,3a9380bd064e1daa834b61d7cb39e83e
stage/sn_0810/ln_0810_t0_01.ice,4c4c5ecd3b0caf6267d0b4e6c7e5bb9b
stage/sn_0810/ln_0810_t0_01_pgd.ice,19ed1138882f96c25ad2a8b64daf73e2
stage/sn_0810/ln_0810_v0_00.ice,d3e1f792678e176c16934aa5ec13654b
stage/sn_0810/ln_0810_v0_00_pgd.ice,4d4f644fac14e498f4a43784624b4660
stage/sn_0810/ln_0810_v0_01.ice,39ae1521b50f796390354bc2a0f179b9
stage/sn_0810/ln_0810_v0_01_pgd.ice,91f3f0fdb98ff7fb1e99e06e6190cdaf
stage/sn_0810/ln_0810_vl_00.ice,865cbb95485e72778f6ac52b48f3e8a3
stage/sn_0810/ln_0810_vl_00_pgd.ice,544e4b7012e8164105ed68ed73f40036
stage/sn_0810/ln_0810_vl_01.ice,0517e7920f62348610ff0169ac603641
stage/sn_0810/ln_0810_vl_01_pgd.ice,bc88bdcd6af6f97844c8039e5070cbbc
stage/sn_0810/ln_0810_vl_80.ice,c8332e2136283a4668cad8928e583935
stage/sn_0810/ln_0810_vl_80_pgd.ice,adaabf084e7de1c16029517a723bf9c2
stage/sn_0810/ln_0810_vr_00.ice,12120fb5f6e6cc51194c1db9419df12c
stage/sn_0810/ln_0810_vr_00_pgd.ice,990e70cfeb583ed2e1068ca5223a1807
stage/sn_0810/ln_0810_vr_01.ice,004e6b60c35f3331ccf352228fdc072b
stage/sn_0810/ln_0810_vr_01_pgd.ice,22eece6eed1d118da789f652eab87b83
stage/sn_0810/ln_0810_x0_00.ice,1b1566129a200fe9b86fd972632c75af
stage/sn_0810/ln_0810_x0_00_pgd.ice,b22927787530fcb5658afa10ffc1ef92
stage/sn_0810/ln_0810_x0_01.ice,edb87140b1e47e273f58d3f8e7d836e8
stage/sn_0810/ln_0810_x0_01_pgd.ice,453bc4a2977d18fd01167dfb7ab444d9
stage/sn_0810/ln_0810_x0_02.ice,cb1b2260a1b6e7cb9194f8366da12b6c
stage/sn_0810/ln_0810_x0_02_pgd.ice,a43782ede381ae0f30b7e5c588e44fc9
stage/sn_0810/ln_0810_x0_80.ice,7618da7629f8e01d169487de4596a70f
stage/sn_0810/ln_0810_x0_80_pgd.ice,46ccb5d71c8a96e966a682a5c30fe1e7
stage/sn_0810/ln_0810_z0_00.ice,6835bfd72e7cbe42d6b5a37f9f23c600
stage/sn_0810/ln_0810_common.ice,09217176bcf9a8296eec0b6840e30cb7
stage/sn_0810/ln_0810_common_ex.ice,490c642b76f6d998b3934c3a68684154
stage/sn_0810/ln_0810_ex.ice,1f1914a13233829606516bb7cf397c68
stage/sn_0810/pack/ln_0810_pack_01.ice,c081d10ee6d62417803f29bb94f2c381
stage/sn_0810/pack/ln_0810_pack_02.ice,bb17aded54a6d8ae872c29bfca4e3e11
stage/weather/ln_0810_wtr.ice,c3c435792a64002242aec1f74b9af6ff
