stage/sn_3221/ln_3221_f0_00.ice,27de1c3589c3179edecfbd8236669a35
stage/sn_3221/ln_3221_f0_01.ice,6ca705f4b91eaf0269b6776866d11dc1
stage/sn_3221/ln_3221_z0_00.ice,560348c67f882ac1e7a2b8a0ddd99870
stage/sn_3221/ln_3221_z0_01.ice,b604591256e8c66c566dad22c18c3a0a
stage/sn_3221/ln_3221_z0_02.ice,f3aec0c0ed1e5b62ec7f8c8a7c8e9255
stage/sn_3221/ln_3221_z0_03.ice,4eaee4c8775025de5210fefa3e989a55
stage/sn_3221/ln_3221_common.ice,c0d417a11c8870487415fae97facbce8
stage/sn_3221/ln_3221_common_ex.ice,54fb32762d57f99c17e189207ac416dc
stage/sn_3221/ln_3221_ex.ice,5dbc7e668b9330107cb1a818fa3b7fd8
stage/weather/ln_3221_wtr.ice,0a1a4421d03aedc1c89c918e471829f9
