stage/sn_5102/ln_5102_d1_00.ice,5c\f4f5296d92e7eafc434df7e0b7dc43
stage/sn_5102/ln_5102_d2_00.ice,3b\c8345bb82dc41e6f0b10b6b125f260
stage/sn_5102/ln_5102_d3_00.ice,32\29a5644cb6a54be4786e09154770c3
stage/sn_5102/ln_5102_d4_00.ice,a6\22adbcdd3be0dfc7854e01978e4956
stage/sn_5102/ln_5102_di_00.ice,68\c3e5ac1905290901b484f1aeadddfb
stage/sn_5102/ln_5102_dl_00.ice,2b\9872532a7e7a89f4232badcb43a244
stage/sn_5102/ln_5102_dn_00.ice,d8\a6b13223b834f4c90c31661cfbb783
stage/sn_5102/ln_5102_dt_00.ice,3c\47faac56783e300a1911b25ec73b2d
stage/sn_5102/ln_5102_dx_00.ice,86\a2401b37b5e80689c9ba4f464d7df4
stage/sn_5102/ln_5102_f0_00.ice,ff\28700863bdf5c94e70832fa604d3e6
stage/sn_5102/ln_5102_i0_00.ice,0b\9b6d2df99d8a7a27cdedd1e80d0f95
stage/sn_5102/ln_5102_l0_00.ice,e2\072aa80f6d7631f20348d79608fe95
stage/sn_5102/ln_5102_n0_00.ice,23\5bc027af5ba3b9eaab785945c75647
stage/sn_5102/ln_5102_t0_00.ice,39\6c08fa13edb060f26028a79cf38287
stage/sn_5102/ln_5102_x0_00.ice,45\c009a13e7fa857ddc6d73814c932c7
stage/sn_5102/ln_5102_z0_00.ice,31\ca65bb5bd975a6bd9915b3156cadb3
stage/sn_5102/ln_5102_common.ice,3d\b7cbd93300d44c3cac8ec7b1356e8c
stage/radar/ln_5102_rad.ice,ed\d08295d8a726ebaca28d40ce1e22df
stage/weather/ln_5102_wtr.ice,da\03e4e16e868666c41e59c4f2fbf2b6
